temperatura_lst,vegetacao_ndvi,latitude,longitude
36.46959584000001,0.08099338412284851,-12.984383863956182,-38.460784984642636
36.77209061000002,0.09440697729587555,-12.984383863956182,-38.460515490057404
36.45079672999998,0.16133686900138855,-12.984383863956182,-38.460245995472164
36.77379961999998,0.11607565730810165,-12.984383863956182,-38.45943751171646
38.178605840000046,0.08398227393627167,-12.984383863956182,-38.458359533375514
36.864377149999996,0.3088880181312561,-12.984114369370946,-38.45997650088693
36.85412309000003,0.19293701648712158,-12.984114369370946,-38.4597070063017
36.46788683,0.05725805461406708,-12.984114369370946,-38.45755104961981
37.94276246000004,0.1417195051908493,-12.983844874785712,-38.45889852254599
38.22987613999999,0.13025927543640137,-12.983844874785712,-38.458629027960754
34.24959185,0.1888260543346405,-12.983844874785712,-38.456473071278864
38.21107703000001,0.1010311171412468,-12.983575380200476,-38.45889852254599
37.19592509000006,0.06357826292514801,-12.983575380200476,-38.45809003879028
34.94174090000001,0.11157411336898804,-12.983575380200476,-38.456473071278864
34.83578227999999,0.12593825161457062,-12.983575380200476,-38.45593408210839
35.322850130000006,0.1796862632036209,-12.983575380200476,-38.45566458752316
35.192965370000024,0.08701914548873901,-12.98330588561524,-38.460784984642636
35.750102630000015,0.12517128884792328,-12.98330588561524,-38.460515490057404
38.077774250000004,0.10370798408985138,-12.98330588561524,-38.458629027960754
37.43518648999998,0.20516903698444366,-12.98330588561524,-38.458359533375514
36.74474644999998,0.19072863459587097,-12.98330588561524,-38.45809003879028
35.42368171999999,0.18046222627162933,-12.98330588561524,-38.45782054420504
34.734950690000005,0.16906127333641052,-12.98330588561524,-38.45701206044934
35.78428283000005,0.1367189735174179,-12.98330588561524,-38.45566458752316
38.17006078999998,0.13550810515880585,-12.983036391030003,-38.45943751171646
34.570885729999986,0.20028692483901978,-12.983036391030003,-38.45755104961981
34.21541165000002,0.17885787785053253,-12.983036391030003,-38.45728155503457
36.56188238000004,0.09038249403238297,-12.982766896444767,-38.466983360103065
35.78257382000004,0.15234574675559998,-12.982766896444767,-38.46617487634735
36.95666369000003,0.17010629177093506,-12.982766896444767,-38.45997650088693
36.035507300000006,0.237469881772995,-12.982766896444767,-38.45566458752316
36.36705524000001,0.09817923605442047,-12.982766896444767,-38.45485610376745
36.587517530000014,0.1301535665988922,-12.982766896444767,-38.454586609182215
36.45079672999998,0.09289052337408066,-12.982497401859531,-38.46779184385877
35.76377471000001,0.2087482213973999,-12.982497401859531,-38.460784984642636
34.553795630000025,0.07942132651805878,-12.982497401859531,-38.4567425658641
35.555275489999985,0.08017325401306152,-12.982497401859531,-38.4537781254265
35.444189840000035,0.06470320373773575,-12.982497401859531,-38.45350863084127
36.172228099999984,0.09362490475177765,-12.982227907274297,-38.46779184385877
36.54991931000001,0.08441365510225296,-12.982227907274297,-38.466713865517825
37.124146670000016,0.08243978023529053,-12.982227907274297,-38.458359533375514
34.60335692000001,0.07759469747543335,-12.982227907274297,-38.45728155503457
34.899015650000024,0.07508843392133713,-12.982227907274297,-38.45350863084127
36.03892532000003,0.18506796658039093,-12.98195841268906,-38.46779184385877
37.37537114000003,0.10591604560613632,-12.98195841268906,-38.466713865517825
37.37537114000003,0.10591604560613632,-12.98195841268906,-38.46644437093259
39.23477402000003,0.024595802649855614,-12.98195841268906,-38.462940941324526
38.92886123000005,0.04602073132991791,-12.98195841268906,-38.46267144673929
36.734492390000014,0.3064299523830414,-12.98195841268906,-38.460784984642636
37.59241541000006,0.15245415270328522,-12.98195841268906,-38.458359533375514
35.93296670000001,0.05679113417863846,-12.98195841268906,-38.45512559835269
35.60483678000003,0.12343447655439377,-12.98195841268906,-38.454586609182215
35.16049418,0.10846038162708282,-12.98195841268906,-38.45404762001174
35.43222677000006,0.08251939713954926,-12.98195841268906,-38.4537781254265
35.071625659999995,0.16457082331180573,-12.98195841268906,-38.452700147085565
37.568489269999986,0.050356362015008926,-12.981688918103824,-38.46536639259165
35.447607860000005,0.04767966642975807,-12.981688918103824,-38.463479930495
38.72890705999998,0.014514653012156487,-12.981688918103824,-38.462940941324526
36.82336091000002,0.2150445282459259,-12.981688918103824,-38.460784984642636
36.502067030000035,0.08612469583749771,-12.981688918103824,-38.4597070063017
37.17370796,0.12197467684745789,-12.981688918103824,-38.458629027960754
36.40807147999999,0.18027746677398682,-12.981419423518588,-38.4672528546883
37.08313042999998,0.15346118807792664,-12.981419423518588,-38.466983360103065
37.90858226,0.07576891779899597,-12.981419423518588,-38.462940941324526
37.407842329999994,0.19563953578472137,-12.981419423518588,-38.46186296298358
37.223269250000044,0.10068558156490326,-12.981419423518588,-38.460515490057404
36.60802565000006,0.1692851036787033,-12.981419423518588,-38.45997650088693
37.45398560000001,0.07446696609258652,-12.981419423518588,-38.45889852254599
37.13098271000001,0.2997410297393799,-12.981419423518588,-38.458359533375514
36.683222090000015,0.17171886563301086,-12.981419423518588,-38.456473071278864
34.49568929000003,0.08277590572834015,-12.981419423518588,-38.45404762001174
35.42368171999999,0.03659632429480553,-12.981419423518588,-38.45162216874462
33.23102189000002,0.3140682876110077,-12.981149928933352,-38.468869822199714
32.86187573000001,0.41984331607818604,-12.981149928933352,-38.46833083302924
36.66955001000002,0.017486002296209335,-12.981149928933352,-38.46752234927354
37.04040517999999,0.08262787014245987,-12.981149928933352,-38.466983360103065
38.735743100000036,0.030361756682395935,-12.981149928933352,-38.465096898006415
37.028442110000015,0.1422244906425476,-12.981149928933352,-38.462940941324526
36.83703299000001,0.09674225747585297,-12.981149928933352,-38.46159346839835
37.78724255000003,0.19412016868591309,-12.981149928933352,-38.460245995472164
36.77379961999998,0.15871216356754303,-12.981149928933352,-38.45997650088693
37.050659240000016,0.1778603494167328,-12.981149928933352,-38.459168017131226
37.47620273000001,0.13148196041584015,-12.981149928933352,-38.458629027960754
37.08313042999998,0.37267059087753296,-12.981149928933352,-38.458359533375514
34.41365681000002,0.07397381961345673,-12.981149928933352,-38.454317114596975
34.22395670000003,0.05969921872019768,-12.981149928933352,-38.45404762001174
33.883863710000014,0.26925724744796753,-12.981149928933352,-38.452430652500325
33.62238518000004,0.19839078187942505,-12.981149928933352,-38.45216115791509
34.593102860000045,0.12231475859880447,-12.981149928933352,-38.45162216874462
34.796475050000026,0.13256502151489258,-12.980880434348117,-38.46967830595542
38.24867525000002,0.07764691114425659,-12.980880434348117,-38.46563588717689
39.37662184999999,0.03826340660452843,-12.980880434348117,-38.464827403421175
39.47061740000004,0.027734216302633286,-12.980880434348117,-38.46401891966547
36.392690389999984,0.14376004040241241,-12.980880434348117,-38.46186296298358
36.683222090000015,0.15992441773414612,-12.980880434348117,-38.456473071278864
35.119477940000024,0.1331479400396347,-12.980880434348117,-38.45512559835269
35.01864635000004,0.07192213833332062,-12.980880434348117,-38.454586609182215
33.82575737000002,0.1178400069475174,-12.980880434348117,-38.45350863084127
33.73859786000003,0.2166147381067276,-12.980880434348117,-38.45323913625604
33.565987850000056,0.3415735065937042,-12.980880434348117,-38.4529696416708
35.82017203999999,0.051806025207042694,-12.980880434348117,-38.45081368498891
36.13804790000006,0.07200943678617477,-12.980610939762881,-38.46806133844401
38.39223208999999,0.10270312428474426,-12.980610939762881,-38.46644437093259
38.105118410000046,0.08530491590499878,-12.980610939762881,-38.46617487634735
38.44862942000003,0.055826909840106964,-12.980610939762881,-38.465096898006415
39.38516690000006,0.06662122160196304,-12.980610939762881,-38.46401891966547
38.238421190000054,0.05790399760007858,-12.980610939762881,-38.463479930495
36.14659295000001,0.11519162356853485,-12.980610939762881,-38.462940941324526
35.46298895000001,0.1083245500922203,-12.980610939762881,-38.46186296298358
37.26941252000006,0.20536476373672485,-12.980610939762881,-38.460245995472164
36.67638605000002,0.28260156512260437,-12.980610939762881,-38.459168017131226
36.406362469999976,0.1888607144355774,-12.980610939762881,-38.45701206044934
35.572365590000004,0.18629756569862366,-12.980610939762881,-38.4567425658641
35.65268906000006,0.20966218411922455,-12.980610939762881,-38.456473071278864
36.62511575000002,0.11306647211313248,-12.980610939762881,-38.45620357669363
35.05624456999999,0.07134435325860977,-12.980610939762881,-38.45189166332985
35.292087949999996,0.04919365420937538,-12.980610939762881,-38.45108317957415
35.09896981999998,0.014390518888831139,-12.980341445177645,-38.46994780054066
37.57532531000004,0.08327288925647736,-12.980341445177645,-38.46779184385877
38.09657335999998,0.08689901977777481,-12.980341445177645,-38.46617487634735
39.51334265000003,0.07831167429685593,-12.980341445177645,-38.46455790883594
39.4364372,0.11082048714160919,-12.980341445177645,-38.46401891966547
35.09555180000001,0.10857122391462326,-12.980341445177645,-38.46267144673929
35.99278205000002,0.1751779317855835,-12.980341445177645,-38.461054479227876
35.572365590000004,0.15190541744232178,-12.980341445177645,-38.45701206044934
36.355092170000034,0.07756070792675018,-12.980341445177645,-38.45620357669363
33.87360965000005,0.12304151058197021,-12.980341445177645,-38.454586609182215
34.49910731,0.08055030554533005,-12.980341445177645,-38.452700147085565
35.31772310000002,0.04442446306347847,-12.980071950592409,-38.46967830595542
35.41855469000001,0.05382371321320534,-12.980071950592409,-38.468869822199714
38.04701207000005,0.10021977126598358,-12.980071950592409,-38.46617487634735
39.44327324000005,0.08906827121973038,-12.980071950592409,-38.46455790883594
34.19319452000002,0.10434815287590027,-12.980071950592409,-38.46132397381311
37.180544000000054,0.09281675517559052,-12.980071950592409,-38.45809003879028
34.97933912000002,0.11823751777410507,-12.980071950592409,-38.45539509293792
33.077210990000026,0.28506696224212646,-12.980071950592409,-38.454317114596975
31.993698650000056,0.13573919236660004,-12.980071950592409,-38.4537781254265
32.46025838000003,0.11571884155273438,-12.980071950592409,-38.45323913625604
34.63241009000001,0.09252738952636719,-12.980071950592409,-38.452700147085565
36.77892665000002,0.06594453006982803,-12.980071950592409,-38.45162216874462
36.80285279000003,0.031089572235941887,-12.979802456007173,-38.46913931678495
35.67148817000003,0.07001716643571854,-12.979802456007173,-38.468869822199714
36.84557804000002,0.08476821333169937,-12.979802456007173,-38.466713865517825
38.600731310000015,0.19016188383102417,-12.979802456007173,-38.465096898006415
35.46640696999998,0.1870747059583664,-12.979802456007173,-38.46267144673929
33.97273223000002,0.19246956706047058,-12.979802456007173,-38.46186296298358
36.71227526000001,0.12872008979320526,-12.979802456007173,-38.460515490057404
37.86756602000003,0.1568770706653595,-12.979802456007173,-38.45997650088693
36.618279710000024,0.1179005429148674,-12.979802456007173,-38.45755104961981
35.38950152000001,0.05322561413049698,-12.979802456007173,-38.45701206044934
36.259387609999976,0.08406422287225723,-12.979802456007173,-38.4567425658641
33.04815782000003,0.268461138010025,-12.979802456007173,-38.45485610376745
32.978088410000055,0.08378183841705322,-12.979802456007173,-38.45323913625604
33.59162300000003,0.38592055439949036,-12.979802456007173,-38.44973570664797
37.0267331,0.08593349158763885,-12.979532961421937,-38.46913931678495
35.96031086000005,0.2443411946296692,-12.979532961421937,-38.4672528546883
36.963499730000024,0.06828103959560394,-12.979532961421937,-38.46590538176212
38.58022319000003,0.15380127727985382,-12.979532961421937,-38.46455790883594
38.76137825000001,0.0426807664334774,-12.979532961421937,-38.46401891966547
34.347005420000016,0.1696319878101349,-12.979532961421937,-38.46159346839835
36.82848794000006,0.3637569546699524,-12.979532961421937,-38.458629027960754
36.74474644999998,0.11536117643117905,-12.979532961421937,-38.45782054420504
35.92442165,0.09442611783742905,-12.979532961421937,-38.45593408210839
33.145571389999986,0.2739584147930145,-12.979532961421937,-38.45512559835269
31.13064860000003,0.01997862383723259,-12.979532961421937,-38.45350863084127
35.98423700000001,0.1185360997915268,-12.979532961421937,-38.45081368498891
35.548439450000046,0.04866679012775421,-12.979263466836702,-38.471295273466836
37.46765768,0.17103278636932373,-12.979263466836702,-38.46967830595542
35.11264190000003,0.2551221549510956,-12.979263466836702,-38.46806133844401
35.03915447000003,0.22420160472393036,-12.979263466836702,-38.46779184385877
39.14932352000005,0.06292776763439178,-12.979263466836702,-38.46536639259165
38.79214043000002,0.08461277931928635,-12.979263466836702,-38.465096898006415
38.626366459999986,0.010155837051570415,-12.979263466836702,-38.46401891966547
38.622948440000016,0.012785939499735832,-12.979263466836702,-38.46374942508023
37.60096046000001,0.12360502779483795,-12.979263466836702,-38.462940941324526
36.70714823000003,0.15435472130775452,-12.979263466836702,-38.46267144673929
35.72788550000001,0.2222786694765091,-12.979263466836702,-38.46240195215405
35.28183389000003,0.3211052715778351,-12.979263466836702,-38.46213245756882
37.02160607000002,0.31250470876693726,-12.979263466836702,-38.45889852254599
36.93615556999998,0.3000246286392212,-12.979263466836702,-38.458629027960754
34.259845910000024,0.07698587328195572,-12.979263466836702,-38.4529696416708
37.51380095000002,0.0729469284415245,-12.979263466836702,-38.45189166332985
34.87679852000002,0.07422919571399689,-12.979263466836702,-38.450544190403676
32.183398760000046,0.3446345329284668,-12.979263466836702,-38.44973570664797
31.894576070000028,0.42005544900894165,-12.979263466836702,-38.44946621206273
35.18954735,0.0655917376279831,-12.978993972251466,-38.471295273466836
35.61850886000002,0.04868011921644211,-12.978993972251466,-38.471025778881604
35.09726081000002,0.20787042379379272,-12.978993972251466,-38.46860032761448
35.20321942999999,0.1571521759033203,-12.978993972251466,-38.46833083302924
36.58409950999999,0.10474514961242676,-12.978993972251466,-38.466983360103065
37.60608749000005,0.07185971736907959,-12.978993972251466,-38.466713865517825
37.86243898999999,0.04933057725429535,-12.978993972251466,-38.462940941324526
36.570427429999995,0.1004752591252327,-12.978993972251466,-38.46240195215405
36.33629306,0.11490389704704285,-12.978993972251466,-38.46213245756882
36.96691774999999,0.03673394396901131,-12.978993972251466,-38.460784984642636
37.88978315000003,0.07464637607336044,-12.978993972251466,-38.460515490057404
36.97033577000002,0.0703708678483963,-12.978993972251466,-38.45809003879028
35.14853111000002,0.05992455407977104,-12.978993972251466,-38.45728155503457
35.309178050000014,0.13859911262989044,-12.978993972251466,-38.4567425658641
34.410238789999994,0.28176915645599365,-12.978993972251466,-38.45620357669363
33.33868952,0.2522549629211426,-12.978993972251466,-38.45593408210839
30.435081530000048,0.027941418811678886,-12.978993972251466,-38.45404762001174
35.78770085000002,0.1269809752702713,-12.978993972251466,-38.452700147085565
37.63172264000002,0.10811032354831696,-12.978993972251466,-38.45189166332985
31.188754940000024,0.4253067672252655,-12.978993972251466,-38.44973570664797
30.887969180000027,0.45444178581237793,-12.978993972251466,-38.44946621206273
35.20321942999999,0.08032295852899551,-12.97872447766623,-38.471295273466836
35.469824990000006,0.06090997904539108,-12.97872447766623,-38.471025778881604
36.332875039999976,0.13183489441871643,-12.97872447766623,-38.47048678971113
35.97740096000001,0.21523632109165192,-12.97872447766623,-38.46994780054066
35.48349707,0.18408064544200897,-12.97872447766623,-38.46913931678495
34.95199495999998,0.08445331454277039,-12.97872447766623,-38.46752234927354
35.95518383000001,0.22578752040863037,-12.97872447766623,-38.466983360103065
39.18521272999999,0.004062143620103598,-12.97872447766623,-38.46536639259165
36.76867259000005,0.1114257425069809,-12.97872447766623,-38.46159346839835
38.038467019999985,0.17123456299304962,-12.97872447766623,-38.45943751171646
38.117081480000024,0.09212891012430191,-12.97872447766623,-38.45889852254599
37.14294577999999,0.12386363744735718,-12.97872447766623,-38.452430652500325
30.392356280000058,0.46445202827453613,-12.97872447766623,-38.44946621206273
36.021835220000014,0.19890224933624268,-12.978454983080994,-38.47021729512589
34.72811465000001,0.12183132022619247,-12.978454983080994,-38.46913931678495
39.157868570000005,0.06354445964097977,-12.978454983080994,-38.46590538176212
38.22816713000003,0.010427620261907578,-12.978454983080994,-38.463479930495
37.49841986000001,0.11082514375448227,-12.978454983080994,-38.46159346839835
35.97398294000004,0.3243679404258728,-12.978454983080994,-38.45728155503457
35.577492620000044,0.3446202576160431,-12.978454983080994,-38.45701206044934
34.929777830000035,0.3288034200668335,-12.978454983080994,-38.4567425658641
29.84889110000006,0.07280856370925903,-12.978454983080994,-38.454317114596975
36.77721764,0.12633471190929413,-12.978454983080994,-38.452430652500325
34.64779118000001,0.11036425828933716,-12.978185488495757,-38.471564768052076
35.374120430000005,0.03550258278846741,-12.978185488495757,-38.471025778881604
35.05795358,0.20363205671310425,-12.978185488495757,-38.46913931678495
34.70589752000001,0.2954491376876831,-12.978185488495757,-38.46806133844401
34.73836871000003,0.28717949986457825,-12.978185488495757,-38.46752234927354
38.99551262,0.077055424451828,-12.978185488495757,-38.46590538176212
39.33731462000003,0.13977795839309692,-12.978185488495757,-38.46536639259165
38.385396050000054,0.10966221988201141,-12.978185488495757,-38.465096898006415
37.477911740000025,0.14875288307666779,-12.978185488495757,-38.464827403421175
37.20959717000005,0.19207847118377686,-12.978185488495757,-38.4642884142507
37.67786591000004,0.11461251974105835,-12.978185488495757,-38.46374942508023
38.527243880000015,0.021314846351742744,-12.978185488495757,-38.46321043590976
38.56142408000005,0.2479860484600067,-12.978185488495757,-38.46132397381311
38.38368704000004,0.20803137123584747,-12.978185488495757,-38.45943751171646
38.41615823000001,0.14450977742671967,-12.978185488495757,-38.459168017131226
38.34608881999998,0.1943977177143097,-12.978185488495757,-38.45889852254599
36.722529320000035,0.18186745047569275,-12.978185488495757,-38.45755104961981
31.375037030000044,0.01944013684988022,-12.978185488495757,-38.45539509293792
30.838407889999985,0.030790509656071663,-12.978185488495757,-38.45512559835269
35.79453689000002,0.20127616822719574,-12.978185488495757,-38.45216115791509
33.59675003000001,0.2536975145339966,-12.978185488495757,-38.45135267415938
31.050325130000033,0.4393168091773987,-12.978185488495757,-38.45027469581844
30.47438876000001,0.47402751445770264,-12.978185488495757,-38.4491967174775
33.09259208000003,0.45342475175857544,-12.978185488495757,-38.448657728307026
36.416616530000056,0.014346705749630928,-12.977915993910521,-38.470756284296364
36.36534623,0.05790971964597702,-12.977915993910521,-38.47048678971113
36.17564612000001,0.07108176499605179,-12.977915993910521,-38.47021729512589
35.88169640000001,0.08545618504285812,-12.977915993910521,-38.46994780054066
34.00862144000001,0.15574759244918823,-12.977915993910521,-38.46806133844401
34.697352470000055,0.1179412305355072,-12.977915993910521,-38.46752234927354
35.34164924000004,0.2334960699081421,-12.977915993910521,-38.466983360103065
38.02137692000002,0.11050485074520111,-12.977915993910521,-38.46617487634735
38.21107703000001,0.1583920419216156,-12.977915993910521,-38.465096898006415
37.00964299999998,0.23010030388832092,-12.977915993910521,-38.46455790883594
38.84853776,0.35242050886154175,-12.977915993910521,-38.461054479227876
38.46571951999999,0.33100026845932007,-12.977915993910521,-38.45997650088693
38.686181809999994,0.16579574346542358,-12.977915993910521,-38.45943751171646
37.201052119999986,0.265019029378891,-12.977915993910521,-38.45782054420504
35.35361231000002,0.10146956145763397,-12.977915993910521,-38.4567425658641
32.84649464000006,0.032026395201683044,-12.977915993910521,-38.45593408210839
32.15605460000006,0.0671006515622139,-12.977915993910521,-38.45512559835269
32.121874400000024,-0.0010698279365897179,-12.977915993910521,-38.454586609182215
33.55231577000001,0.03758569434285164,-12.977915993910521,-38.45404762001174
36.24058850000006,0.14194640517234802,-12.977915993910521,-38.452700147085565
33.72321677000002,0.21877652406692505,-12.977915993910521,-38.45162216874462
32.93878117999998,0.3890918791294098,-12.977915993910521,-38.45135267415938
31.75785527000005,0.4630166292190552,-12.977915993910521,-38.45081368498891
30.98025572000006,0.42961356043815613,-12.977915993910521,-38.45027469581844
30.19752914000003,0.4583802819252014,-12.977915993910521,-38.44973570664797
34.208575610000025,0.191530242562294,-12.977646499325287,-38.47210375722254
34.471763150000015,0.045588236302137375,-12.977646499325287,-38.471564768052076
35.80308194000003,0.0557098314166069,-12.977646499325287,-38.46994780054066
34.69906148000001,0.25230392813682556,-12.977646499325287,-38.468869822199714
39.10488926000005,0.09024859964847565,-12.977646499325287,-38.46536639259165
36.65075090000005,0.332365483045578,-12.977646499325287,-38.46455790883594
38.05043009000002,0.2411818504333496,-12.977646499325287,-38.46321043590976
39.45010927999999,0.104019396007061,-12.977646499325287,-38.46132397381311
33.68390954000006,0.041943904012441635,-12.977646499325287,-38.45539509293792
33.96760519999998,0.020775362849235535,-12.977646499325287,-38.454586609182215
33.96418718000001,0.0689421221613884,-12.977646499325287,-38.454317114596975
34.53841454000002,0.10892438888549805,-12.977646499325287,-38.45404762001174
32.42095115000001,0.46382299065589905,-12.977646499325287,-38.45135267415938
31.860395870000048,0.461328387260437,-12.977646499325287,-38.45108317957415
32.82085949000003,0.412291944026947,-12.977646499325287,-38.448657728307026
33.59845904000002,0.196552574634552,-12.97737700474005,-38.47237325180778
34.92635981000001,0.05833427980542183,-12.97737700474005,-38.471295273466836
35.18271131000006,0.07341030240058899,-12.97737700474005,-38.471025778881604
36.14146592000003,0.1826535314321518,-12.97737700474005,-38.47048678971113
33.86506459999998,0.15747137367725372,-12.97737700474005,-38.46833083302924
33.694163600000024,0.16208909451961517,-12.97737700474005,-38.46806133844401
35.003265260000035,0.14904458820819855,-12.97737700474005,-38.4672528546883
36.19273622000003,0.2653968632221222,-12.97737700474005,-38.46455790883594
39.316806499999984,0.10973580181598663,-12.97737700474005,-38.461054479227876
36.679804070000046,0.17058318853378296,-12.97737700474005,-38.45350863084127
31.64847863,0.4487888216972351,-12.97737700474005,-38.45108317957415
31.332311780000055,0.4641120433807373,-12.97737700474005,-38.450544190403676
31.25711534000004,0.408723384141922,-12.97737700474005,-38.44946621206273
33.45832022000002,0.3852640390396118,-12.97737700474005,-38.448388233721786
33.45832022000002,0.381157249212265,-12.977107510154815,-38.472642746393014
34.97933912000002,0.17298392951488495,-12.977107510154815,-38.471295273466836
36.92761052000003,0.27094894647598267,-12.977107510154815,-38.46967830595542
36.89684834000002,0.18310952186584473,-12.977107510154815,-38.46940881137019
34.022293520000005,0.21146851778030396,-12.977107510154815,-38.46833083302924
34.22908373000001,0.1731378585100174,-12.977107510154815,-38.46806133844401
36.00987214999998,0.11622550338506699,-12.977107510154815,-38.4672528546883
38.07948326000002,0.2485896199941635,-12.977107510154815,-38.46563588717689
39.12881540000001,0.24081964790821075,-12.977107510154815,-38.462940941324526
39.50650661000003,0.1984000951051712,-12.977107510154815,-38.46267144673929
40.00382852000001,0.2516309916973114,-12.977107510154815,-38.460245995472164
39.30826145000003,0.07096582651138306,-12.977107510154815,-38.45755104961981
36.22520741000005,0.20445623993873596,-12.977107510154815,-38.45350863084127
35.62705391000003,0.03778088465332985,-12.977107510154815,-38.4529696416708
33.92829797000002,0.022207945585250854,-12.977107510154815,-38.45216115791509
32.501274620000004,0.3905528485774994,-12.977107510154815,-38.45162216874462
31.968063500000028,0.44734832644462585,-12.977107510154815,-38.45135267415938
31.98515359999999,0.4587739408016205,-12.977107510154815,-38.45027469581844
31.318639700000006,0.3948388993740082,-12.977107510154815,-38.4500052012332
32.19365282000001,0.153532013297081,-12.977107510154815,-38.4491967174775
37.12585568000003,0.19421319663524628,-12.976838015569578,-38.47021729512589
36.83190596000003,0.1397232860326767,-12.976838015569578,-38.468869822199714
34.15388729000006,0.26657089591026306,-12.976838015569578,-38.46806133844401
36.018417200000044,0.149671271443367,-12.976838015569578,-38.46752234927354
36.19444523000004,0.0769721046090126,-12.976838015569578,-38.4672528546883
36.20128126999998,0.20280741155147552,-12.976838015569578,-38.46455790883594
37.46423966000003,0.17263086140155792,-12.976838015569578,-38.463479930495
39.39371195000001,0.15603183209896088,-12.976838015569578,-38.46267144673929
39.70646078000004,0.17179036140441895,-12.976838015569578,-38.461054479227876
40.88396867000006,0.13195805251598358,-12.976838015569578,-38.4597070063017
41.88203051000005,0.03535125032067299,-12.976838015569578,-38.458629027960754
39.17837669000005,0.09494920074939728,-12.976838015569578,-38.45728155503457
37.18225301000001,0.18910124897956848,-12.976838015569578,-38.45539509293792
37.24548637999999,0.213641956448555,-12.976838015569578,-38.45512559835269
34.46150909000005,0.024863526225090027,-12.976838015569578,-38.452700147085565
34.21541165000002,0.130451038479805,-12.976838015569578,-38.45216115791509
32.00907974000006,0.32379859685897827,-12.976838015569578,-38.4500052012332
31.845014780000042,0.3681719899177551,-12.976838015569578,-38.448657728307026
32.95758029000001,0.18186508119106293,-12.976838015569578,-38.447849244551314
33.56256983000003,0.1312069594860077,-12.976568520984342,-38.47210375722254
34.87167149000004,0.33361300826072693,-12.976568520984342,-38.471295273466836
37.51038292999999,0.09556430578231812,-12.976568520984342,-38.46994780054066
37.23523232000002,0.18806412816047668,-12.976568520984342,-38.46913931678495
36.80114378000002,0.12191013246774673,-12.976568520984342,-38.466713865517825
37.04895023000006,0.13661718368530273,-12.976568520984342,-38.46617487634735
37.35657203000005,0.181660458445549,-12.976568520984342,-38.46563588717689
35.84751620000003,0.18295252323150635,-12.976568520984342,-38.46455790883594
39.426183140000035,0.16541367769241333,-12.976568520984342,-38.460784984642636
42.26143073000003,0.049315400421619415,-12.976568520984342,-38.458629027960754
40.42766300000005,0.030230209231376648,-12.976568520984342,-38.45782054420504
38.70327191000001,0.09871412068605423,-12.976568520984342,-38.4567425658641
38.012831870000014,0.1489187628030777,-12.976568520984342,-38.45593408210839
37.818004729999984,0.2233564853668213,-12.976568520984342,-38.45539509293792
35.44077182000001,0.3202551603317261,-12.976568520984342,-38.4537781254265
34.336751359999994,0.07681722939014435,-12.976568520984342,-38.4529696416708
32.69439275000002,0.21372032165527344,-12.976568520984342,-38.44892722289226
37.66932086000003,0.1457807570695877,-12.976299026399108,-38.46913931678495
37.63684967000006,0.04403650015592575,-12.976299026399108,-38.46617487634735
36.86608616000001,0.22545203566551208,-12.976299026399108,-38.46536639259165
35.55014846000006,0.23386213183403015,-12.976299026399108,-38.46455790883594
40.23112685000001,0.17906461656093597,-12.976299026399108,-38.461054479227876
41.38983562999999,0.12635880708694458,-12.976299026399108,-38.4597070063017
42.08369369000002,0.05352165549993515,-12.976299026399108,-38.458359533375514
41.7436007,0.039488375186920166,-12.976299026399108,-38.45809003879028
39.231356000000005,0.10931049287319183,-12.976299026399108,-38.45701206044934
38.77505033,0.18686293065547943,-12.976299026399108,-38.456473071278864
37.83509483,0.18370415270328522,-12.976299026399108,-38.45512559835269
35.223727550000035,0.2820162773132324,-12.976299026399108,-38.45350863084127
34.43587394000002,0.2757663130760193,-12.976299026399108,-38.452700147085565
34.73836871000003,0.2704586684703827,-12.976299026399108,-38.452430652500325
34.593102860000045,0.29977357387542725,-12.976299026399108,-38.45189166332985
31.995407660000012,0.11610099673271179,-12.976299026399108,-38.45081368498891
31.453651490000027,0.271739661693573,-12.976299026399108,-38.448388233721786
32.390188970000054,0.4159877896308899,-12.976299026399108,-38.447849244551314
37.383916190000036,0.11387117207050323,-12.976029531813872,-38.47021729512589
37.48816580000005,0.11346083134412766,-12.976029531813872,-38.468869822199714
38.22987613999999,0.13545435667037964,-12.976029531813872,-38.46563588717689
37.80945968000003,0.1453496664762497,-12.976029531813872,-38.463479930495
39.503088590000004,0.07636056840419769,-12.976029531813872,-38.462940941324526
39.456945320000045,0.06152237579226494,-12.976029531813872,-38.46240195215405
41.12323006999998,0.08623051643371582,-12.976029531813872,-38.46132397381311
40.087570010000036,0.11293230950832367,-12.976029531813872,-38.460515490057404
40.71990371000004,0.05123363062739372,-12.976029531813872,-38.45809003879028
39.35098670000002,0.0682993233203888,-12.976029531813872,-38.4567425658641
38.479391599999985,0.0603177435696125,-12.976029531813872,-38.45539509293792
38.20082296999999,0.07403132319450378,-12.976029531813872,-38.45512559835269
37.67444789000001,0.0851731151342392,-12.976029531813872,-38.45485610376745
37.438604510000005,0.0987677350640297,-12.976029531813872,-38.454586609182215
36.60460763000003,0.2417721450328827,-12.976029531813872,-38.45350863084127
35.44589885000005,0.2865213453769684,-12.976029531813872,-38.4529696416708
35.03915447000003,0.28936368227005005,-12.976029531813872,-38.452700147085565
35.45273488999999,0.32046937942504883,-12.976029531813872,-38.452430652500325
33.21564080000002,0.012241282500326633,-12.976029531813872,-38.450544190403676
33.42414001999998,-0.0006062976899556816,-12.976029531813872,-38.45027469581844
33.90437183000006,0.06424054503440857,-12.976029531813872,-38.44973570664797
33.09088307000002,0.29543328285217285,-12.976029531813872,-38.44892722289226
34.53841454000002,0.33035609126091003,-12.975760037228635,-38.47291224097825
35.42709974000002,0.1505865901708603,-12.975760037228635,-38.47183426263731
37.72742720000002,0.11799833923578262,-12.975760037228635,-38.46913931678495
38.00941384999999,0.09435395151376724,-12.975760037228635,-38.468869822199714
39.019438760000014,0.11753876507282257,-12.975760037228635,-38.46617487634735
37.568489269999986,0.1477910280227661,-12.975760037228635,-38.46536639259165
35.75693867000001,0.09050782024860382,-12.975760037228635,-38.464827403421175
36.30553087999999,0.07115789502859116,-12.975760037228635,-38.4642884142507
38.65029260000006,0.07714452594518661,-12.975760037228635,-38.46321043590976
40.448171119999984,0.13224269449710846,-12.975760037228635,-38.460784984642636
40.26018002000001,0.11096540838479996,-12.975760037228635,-38.460515490057404
39.92863208000006,0.055498961359262466,-12.975760037228635,-38.45997650088693
40.15763942000001,0.06121079996228218,-12.975760037228635,-38.45943751171646
40.237962890000006,0.02796240709722042,-12.975760037228635,-38.45809003879028
38.108536430000015,0.06469906121492386,-12.975760037228635,-38.45539509293792
35.88682343000005,0.21598640084266663,-12.975760037228635,-38.452700147085565
33.654856370000005,0.008095795288681984,-12.975760037228635,-38.450544190403676
33.73347082999999,0.2927374839782715,-12.975760037228635,-38.44946621206273
35.21347349000001,0.2809235453605652,-12.9754905426434,-38.472642746393014
36.58409950999999,0.10433374345302582,-12.9754905426434,-38.46967830595542
39.169831639999984,0.097023606300354,-12.9754905426434,-38.46860032761448
39.971357330000046,0.09807660430669785,-12.9754905426434,-38.46752234927354
39.98161139000001,0.09315216541290283,-12.9754905426434,-38.4672528546883
40.10295110000004,0.08891039341688156,-12.9754905426434,-38.466713865517825
39.00405767000001,0.0899866595864296,-12.9754905426434,-38.46617487634735
39.00405767000001,0.0899866595864296,-12.9754905426434,-38.46590538176212
40.588309940000045,0.08386220782995224,-12.9754905426434,-38.46213245756882
39.44156423000004,0.07587515562772751,-12.9754905426434,-38.45943751171646
38.38368704000004,0.09991130232810974,-12.9754905426434,-38.4567425658641
38.32387169000003,0.15815915167331696,-12.9754905426434,-38.456473071278864
38.27260138999998,0.15088780224323273,-12.9754905426434,-38.45620357669363
37.551399170000025,0.2229875922203064,-12.9754905426434,-38.45485610376745
37.48987481000006,0.2212674915790558,-12.9754905426434,-38.454586609182215
37.51038292999999,0.10337188839912415,-12.975221048058163,-38.470756284296364
37.163453900000036,0.103317990899086,-12.975221048058163,-38.47048678971113
39.072418070000026,0.10793222486972809,-12.975221048058163,-38.468869822199714
39.85172663000003,0.09877905249595642,-12.975221048058163,-38.4672528546883
39.52359670999999,0.0843086764216423,-12.975221048058163,-38.466713865517825
36.324329990000024,0.16042163968086243,-12.975221048058163,-38.464827403421175
36.864377149999996,0.11089210957288742,-12.975221048058163,-38.4642884142507
40.86516956000003,0.09879463911056519,-12.975221048058163,-38.46213245756882
41.00359937000002,0.08155786991119385,-12.975221048058163,-38.46159346839835
40.65837935000002,0.06863711774349213,-12.975221048058163,-38.460784984642636
40.47722428999998,0.10581780225038528,-12.975221048058163,-38.460515490057404
40.30290527,0.09589094668626785,-12.975221048058163,-38.460245995472164
38.756251220000024,0.07641725987195969,-12.975221048058163,-38.4597070063017
38.63320250000004,0.056261274963617325,-12.975221048058163,-38.45943751171646
37.87098404000005,0.3304617702960968,-12.975221048058163,-38.4567425658641
37.39417025,0.3033364415168762,-12.975221048058163,-38.45539509293792
37.82996780000002,0.3144461512565613,-12.975221048058163,-38.454317114596975
36.07823255000005,0.17488855123519897,-12.975221048058163,-38.45108317957415
34.49910731,0.26289793848991394,-12.975221048058163,-38.4500052012332
34.65633623000002,0.22982928156852722,-12.975221048058163,-38.44946621206273
31.974899540000024,0.32414710521698,-12.975221048058163,-38.44757974996608
37.127564689999986,0.11250950396060944,-12.974951553472927,-38.471564768052076
38.178605840000046,0.09875896573066711,-12.974951553472927,-38.470756284296364
37.35828104000001,0.0934140533208847,-12.974951553472927,-38.47021729512589
36.67638605000002,0.0979844257235527,-12.974951553472927,-38.46940881137019
39.17154065,0.13832667469978333,-12.974951553472927,-38.46860032761448
39.48428948000003,0.10770511627197266,-12.974951553472927,-38.46833083302924
40.29948725000003,0.10602205246686935,-12.974951553472927,-38.46806133844401
37.206179150000025,0.11640936881303787,-12.974951553472927,-38.46536639259165
39.21768392000001,0.08860893547534943,-12.974951553472927,-38.463479930495
38.06752018999998,0.010555451735854149,-12.974951553472927,-38.45782054420504
37.296756680000044,0.2545219361782074,-12.974951553472927,-38.45701206044934
38.393941100000006,0.12322025746107101,-12.974951553472927,-38.45404762001174
37.732554230000005,0.048808664083480835,-12.974951553472927,-38.45323913625604
37.11901964000003,0.049044638872146606,-12.974951553472927,-38.45216115791509
35.30405102000003,0.26005589962005615,-12.974951553472927,-38.45081368498891
34.734950690000005,0.31210771203041077,-12.974951553472927,-38.45027469581844
35.374120430000005,0.33380326628685,-12.974951553472927,-38.44973570664797
35.61338182999998,0.2536301910877228,-12.974951553472927,-38.44946621206273
38.10682742000006,0.07919370383024216,-12.974682058887693,-38.471295273466836
38.23158515,0.09845679998397827,-12.974682058887693,-38.471025778881604
38.95620539000004,0.11316832154989243,-12.974682058887693,-38.468869822199714
40.319995370000015,0.09432005882263184,-12.974682058887693,-38.46806133844401
40.11833219000005,0.11192875355482101,-12.974682058887693,-38.46779184385877
38.51698982000005,0.11283811926841736,-12.974682058887693,-38.46617487634735
40.97967323,0.08518490940332413,-12.974682058887693,-38.46186296298358
40.21403674999999,0.07870175689458847,-12.974682058887693,-38.460515490057404
38.518698830000005,0.20044206082820892,-12.974682058887693,-38.458359533375514
38.53920694999999,0.012047957628965378,-12.974682058887693,-38.45809003879028
37.52576402,0.1573781669139862,-12.974682058887693,-38.45566458752316
38.15467970000003,0.30967947840690613,-12.974682058887693,-38.45485610376745
36.34142009000004,0.06240513548254967,-12.974682058887693,-38.45135267415938
36.30894890000002,0.2329050451517105,-12.974682058887693,-38.44946621206273
34.700770490000025,0.17237488925457,-12.974682058887693,-38.448388233721786
30.24196340000003,0.42321598529815674,-12.974682058887693,-38.44704076079561
34.47518117000004,0.1990269422531128,-12.974412564302456,-38.472642746393014
36.59777158999998,0.08990532904863358,-12.974412564302456,-38.46967830595542
36.84728704999998,0.09486010670661926,-12.974412564302456,-38.46940881137019
39.39200294,0.12298257648944855,-12.974412564302456,-38.46860032761448
40.50115043000005,0.08978892862796783,-12.974412564302456,-38.46806133844401
38.36146990999998,0.09806640446186066,-12.974412564302456,-38.46590538176212
39.231356000000005,0.0799509733915329,-12.974412564302456,-38.46374942508023
40.93352995999999,0.08359964936971664,-12.974412564302456,-38.46213245756882
40.161057440000036,0.07162204384803772,-12.974412564302456,-38.461054479227876
38.61440339000001,0.08439823985099792,-12.974412564302456,-38.459168017131226
38.61611240000002,0.22101294994354248,-12.974412564302456,-38.458629027960754
36.84557804000002,0.06223189830780029,-12.974412564302456,-38.45701206044934
37.477911740000025,0.09519925713539124,-12.974412564302456,-38.45620357669363
38.89126300999999,0.09662124514579773,-12.974412564302456,-38.45512559835269
38.86562786000002,0.14968764781951904,-12.974412564302456,-38.45485610376745
38.38710506000001,0.08193303644657135,-12.974412564302456,-38.45323913625604
35.39121053000002,0.17355799674987793,-12.974412564302456,-38.450544190403676
36.32774801000005,0.27195969223976135,-12.974412564302456,-38.4500052012332
36.69518516000005,0.1895073652267456,-12.974412564302456,-38.44946621206273
37.80775067000002,0.09681201726198196,-12.97414306971722,-38.471295273466836
37.82825879000001,0.13432557880878448,-12.97414306971722,-38.47048678971113
37.50183788000004,0.12796390056610107,-12.97414306971722,-38.47021729512589
37.44885857000003,0.10326981544494629,-12.97414306971722,-38.46913931678495
40.20207368000001,0.10480999201536179,-12.97414306971722,-38.46779184385877
37.37708014999998,0.12807054817676544,-12.97414306971722,-38.465096898006415
39.94572218000002,0.10351019352674484,-12.97414306971722,-38.463479930495
40.70794064000006,0.08791502565145493,-12.97414306971722,-38.46213245756882
39.77653019000002,0.08446209132671356,-12.97414306971722,-38.45997650088693
39.06387302000002,0.09039164334535599,-12.97414306971722,-38.45943751171646
38.069229199999995,0.22515596449375153,-12.97414306971722,-38.45809003879028
39.870525740000005,0.11536721140146255,-12.97414306971722,-38.45485610376745
39.414220070000056,0.10817769914865494,-12.97414306971722,-38.454586609182215
37.69324700000004,0.04733859375119209,-12.97414306971722,-38.45189166332985
37.06091330000004,0.1885583996772766,-12.97414306971722,-38.44946621206273
34.88876159000006,0.28311216831207275,-12.97414306971722,-38.448388233721786
33.61042211000006,0.139898881316185,-12.973873575131984,-38.473451230148726
33.74030687000004,0.2995603680610657,-12.973873575131984,-38.47291224097825
33.499336459999995,0.39637476205825806,-12.973873575131984,-38.47237325180778
36.52257515000002,0.2012939155101776,-12.973873575131984,-38.471564768052076
39.32022452000001,0.11855887621641159,-12.973873575131984,-38.46860032761448
37.41467837000005,0.10861317813396454,-12.973873575131984,-38.46536639259165
38.57851418000001,0.0941692665219307,-12.973873575131984,-38.46401891966547
39.92863208000006,0.08635547757148743,-12.973873575131984,-38.46213245756882
39.417638090000025,0.09291980415582657,-12.973873575131984,-38.4597070063017
39.409093040000016,0.08945421874523163,-12.973873575131984,-38.45943751171646
39.870525740000005,0.08553582429885864,-12.973873575131984,-38.45889852254599
39.55777691000003,0.11382128298282623,-12.973873575131984,-38.458629027960754
39.17324966000001,0.23461943864822388,-12.973873575131984,-38.458359533375514
37.698374030000025,0.21689362823963165,-12.973873575131984,-38.45755104961981
41.24798780000003,0.09831737726926804,-12.973873575131984,-38.45593408210839
38.44692041000002,0.11942850798368454,-12.973873575131984,-38.4529696416708
38.34437981000002,0.03178569674491882,-12.973873575131984,-38.45216115791509
36.68151308000006,0.2652040421962738,-12.973873575131984,-38.448657728307026
35.94322076000003,0.28041186928749084,-12.973873575131984,-38.448388233721786
33.37457873000005,0.17308339476585388,-12.973604080546748,-38.473451230148726
34.33504234999998,0.43647870421409607,-12.973604080546748,-38.47183426263731
35.86460629999999,0.24689476191997528,-12.973604080546748,-38.47048678971113
36.52257515000002,0.09700214862823486,-12.973604080546748,-38.46940881137019
37.65223076000001,0.1482337862253189,-12.973604080546748,-38.466713865517825
37.52576402,0.107126384973526,-12.973604080546748,-38.46617487634735
38.90151707000001,0.08233413100242615,-12.973604080546748,-38.46374942508023
39.598793150000006,0.07616337388753891,-12.973604080546748,-38.463479930495
38.81606657000003,0.10571210086345673,-12.973604080546748,-38.46159346839835
39.56290394000001,0.09011119604110718,-12.973604080546748,-38.459168017131226
38.41274021000004,0.12644340097904205,-12.973604080546748,-38.45728155503457
41.420597810000004,0.1182461753487587,-12.973604080546748,-38.45566458752316
39.03652886000003,0.13716638088226318,-12.973604080546748,-38.452700147085565
37.66590284000006,0.12883232533931732,-12.973604080546748,-38.45189166332985
33.37116071000003,0.2095324695110321,-12.973334585961513,-38.473451230148726
33.15240743000004,0.24551890790462494,-12.973334585961513,-38.473181735563486
35.62363589000006,0.14966648817062378,-12.973334585961513,-38.47021729512589
35.914167590000034,0.18110130727291107,-12.973334585961513,-38.46940881137019
38.06410217000001,0.20378783345222473,-12.973334585961513,-38.46860032761448
37.831676809999976,0.13030098378658295,-12.973334585961513,-38.46779184385877
37.02331508000003,0.17360930144786835,-12.973334585961513,-38.466713865517825
36.52086614000001,0.11899682134389877,-12.973334585961513,-38.46536639259165
36.349965139999995,0.09423495084047318,-12.973334585961513,-38.465096898006415
37.915418300000056,0.18149377405643463,-12.973334585961513,-38.46401891966547
39.44840026999998,0.0683664083480835,-12.973334585961513,-38.46321043590976
38.325580700000046,0.0984681099653244,-12.973334585961513,-38.46159346839835
38.289691489999996,0.101043701171875,-12.973334585961513,-38.46132397381311
39.84318158000002,0.09439430385828018,-12.973334585961513,-38.458359533375514
38.937406280000005,0.06826204806566238,-12.973334585961513,-38.45728155503457
40.362720620000005,0.09628476947546005,-12.973334585961513,-38.45620357669363
40.39519181000003,0.09625358134508133,-12.973334585961513,-38.45404762001174
38.05897514000003,0.10582522302865982,-12.973334585961513,-38.45216115791509
35.26987082000005,0.1749596893787384,-12.973334585961513,-38.4491967174775
36.20469929000001,0.17550110816955566,-12.973334585961513,-38.448657728307026
33.634348250000016,0.15000805258750916,-12.973065091376277,-38.47372072473396
32.415824120000025,0.21533238887786865,-12.973065091376277,-38.47237325180778
34.45638206000001,0.3136315941810608,-12.973065091376277,-38.470756284296364
35.327977160000046,0.11416364461183548,-12.973065091376277,-38.47021729512589
35.80820897000001,0.29230719804763794,-12.973065091376277,-38.46913931678495
37.257449450000024,0.09462477266788483,-12.973065091376277,-38.46833083302924
36.34483811000001,0.16523505747318268,-12.973065091376277,-38.46644437093259
35.90391353000001,0.14439569413661957,-12.973065091376277,-38.465096898006415
35.94151175000002,0.1077127456665039,-12.973065091376277,-38.464827403421175
37.74280829000003,0.19198058545589447,-12.973065091376277,-38.46401891966547
38.24525722999999,0.10199633985757828,-12.973065091376277,-38.46186296298358
38.135880590000056,0.12362440675497055,-12.973065091376277,-38.46132397381311
39.78678424999998,0.09438428282737732,-12.973065091376277,-38.45782054420504
41.75898179000001,0.10606328397989273,-12.973065091376277,-38.45593408210839
41.14373819000002,0.1309564858675003,-12.973065091376277,-38.45485610376745
39.17154065,0.1034909337759018,-12.973065091376277,-38.4537781254265
38.13246257000003,0.1095593199133873,-12.973065091376277,-38.45216115791509
35.548439450000046,0.15471304953098297,-12.973065091376277,-38.450544190403676
35.625344900000016,0.26483333110809326,-12.973065091376277,-38.4500052012332
34.94174090000001,0.25157395005226135,-12.973065091376277,-38.44973570664797
35.48520608000001,0.17991967499256134,-12.973065091376277,-38.448118739136554
33.23102189000002,0.2968624532222748,-12.973065091376277,-38.44731025538085
31.827924680000024,0.48155859112739563,-12.973065091376277,-38.446771266210376
33.309636350000005,0.18514131009578705,-12.972795596791041,-38.473181735563486
33.10968218000005,0.12357349693775177,-12.972795596791041,-38.47183426263731
32.85333068,0.32938677072525024,-12.972795596791041,-38.471564768052076
35.23739963000003,0.16860605776309967,-12.972795596791041,-38.46752234927354
35.509132220000026,0.13376742601394653,-12.972795596791041,-38.46536639259165
35.46298895000001,0.27566999197006226,-12.972795596791041,-38.46455790883594
37.82996780000002,0.09521277248859406,-12.972795596791041,-38.46374942508023
38.19227792000004,0.09456486254930496,-12.972795596791041,-38.463479930495
38.05555712,0.09828916192054749,-12.972795596791041,-38.46186296298358
38.077774250000004,0.1291881501674652,-12.972795596791041,-38.46132397381311
40.80022717999998,0.09333702176809311,-12.972795596791041,-38.45809003879028
40.034590700000024,0.10275527089834213,-12.972795596791041,-38.45728155503457
40.35759359000002,0.1003992035984993,-12.972795596791041,-38.45701206044934
41.85639536000002,0.10726307332515717,-12.972795596791041,-38.45593408210839
41.67353129000003,0.07616867125034332,-12.972795596791041,-38.45539509293792
40.53703963999999,0.09570880979299545,-12.972795596791041,-38.454317114596975
33.41559497000003,0.1903274655342102,-12.972795596791041,-38.44704076079561
33.62922121999998,0.16446711122989655,-12.972526102205805,-38.473451230148726
32.75079008,0.12673319876194,-12.972526102205805,-38.471025778881604
34.71102455000005,0.11484931409358978,-12.972526102205805,-38.47048678971113
34.57772177000004,0.320787638425827,-12.972526102205805,-38.46913931678495
35.41000964,0.19869905710220337,-12.972526102205805,-38.46833083302924
34.77938495000001,0.1458350121974945,-12.972526102205805,-38.46779184385877
37.10876558000001,0.19863775372505188,-12.972526102205805,-38.46401891966547
37.94447147000005,0.13099469244480133,-12.972526102205805,-38.46132397381311
36.826778930000046,0.2657841742038727,-12.972526102205805,-38.45189166332985
33.23443990999999,0.35740840435028076,-12.972526102205805,-38.4491967174775
34.34871443000003,0.2679206132888794,-12.972526102205805,-38.44757974996608
34.17952244000003,0.2366422861814499,-12.972256607620569,-38.47372072473396
32.562798980000025,0.13566844165325165,-12.972256607620569,-38.47210375722254
34.526451469999984,0.19812580943107605,-12.972256607620569,-38.46967830595542
34.28719007000001,0.275266170501709,-12.972256607620569,-38.46940881137019
34.182940460000054,0.25094425678253174,-12.972256607620569,-38.46913931678495
35.05624456999999,0.26035454869270325,-12.972256607620569,-38.46833083302924
33.85310153,0.15757988393306732,-12.972256607620569,-38.466983360103065
37.53089105000004,0.09989897906780243,-12.972256607620569,-38.462940941324526
37.04895023000006,0.09608160704374313,-12.972256607620569,-38.46213245756882
39.106598270000006,0.08326636254787445,-12.972256607620569,-38.459168017131226
41.16766432999998,0.1105794906616211,-12.972256607620569,-38.458359533375514
41.09075888000001,0.09934473037719727,-12.972256607620569,-38.45701206044934
41.19329948000001,0.08228278160095215,-12.972256607620569,-38.4567425658641
41.09075888000001,0.09567617624998093,-12.972256607620569,-38.456473071278864
40.90447678999999,0.09792671352624893,-12.972256607620569,-38.45620357669363
41.65131416000003,0.10001184791326523,-12.972256607620569,-38.45593408210839
41.140320169999995,0.09341511875391006,-12.972256607620569,-38.45512559835269
40.97112818000005,0.11022533476352692,-12.972256607620569,-38.454586609182215
33.38995982000006,0.4573860466480255,-12.972256607620569,-38.45081368498891
33.150698420000026,0.37260255217552185,-12.972256607620569,-38.45027469581844
32.39360699000002,0.3302460312843323,-12.972256607620569,-38.44973570664797
34.09065392000002,0.28788700699806213,-12.972256607620569,-38.448388233721786
33.74030687000004,0.2555493712425232,-12.971987113035333,-38.473451230148726
33.98982233000004,0.1812082827091217,-12.971987113035333,-38.47291224097825
33.05670286999998,0.1332515925168991,-12.971987113035333,-38.47210375722254
33.689036569999985,0.12586618959903717,-12.971987113035333,-38.471295273466836
34.367513540000004,0.16612249612808228,-12.971987113035333,-38.47048678971113
34.68709841000003,0.14405040442943573,-12.971987113035333,-38.47021729512589
34.45809107000002,0.14977231621742249,-12.971987113035333,-38.466713865517825
35.37924745999999,0.14788950979709625,-12.971987113035333,-38.46536639259165
34.90243367000005,0.1401788741350174,-12.971987113035333,-38.464827403421175
38.117081480000024,0.10626596957445145,-12.971987113035333,-38.463479930495
36.51744812000004,0.11430473625659943,-12.971987113035333,-38.46240195215405
36.91906547000002,0.08957365900278091,-12.971987113035333,-38.46186296298358
39.98844743000001,0.10978297144174576,-12.971987113035333,-38.458359533375514
40.644707270000026,0.10740943253040314,-12.971987113035333,-38.45782054420504
40.64299826000001,0.08596935123205185,-12.971987113035333,-38.4567425658641
39.41080205000003,0.1056395173072815,-12.971987113035333,-38.45593408210839
39.19033976000003,0.09590307623147964,-12.971987113035333,-38.454586609182215
39.47403542000001,0.10375727713108063,-12.971987113035333,-38.45404762001174
31.968063500000028,0.4468589127063751,-12.971987113035333,-38.45027469581844
31.968063500000028,0.4163269102573395,-12.971987113035333,-38.44973570664797
33.30280031000001,0.350299596786499,-12.971987113035333,-38.448118739136554
34.825528220000024,0.0685180202126503,-12.971717618450098,-38.4739902193192
34.389730670000006,0.15044088661670685,-12.971717618450098,-38.47372072473396
33.97444124000003,0.3259543180465698,-12.971717618450098,-38.472642746393014
34.02742054999999,0.22160455584526062,-12.971717618450098,-38.471025778881604
33.77619607999998,0.2136474996805191,-12.971717618450098,-38.470756284296364
34.04792867000003,0.1628318876028061,-12.971717618450098,-38.46994780054066
34.28889908000002,0.19696272909641266,-12.971717618450098,-38.468869822199714
34.65804523999998,0.29123762249946594,-12.971717618450098,-38.46752234927354
35.14682210000001,0.09947744011878967,-12.971717618450098,-38.46563588717689
35.404882610000016,0.21531257033348083,-12.971717618450098,-38.46536639259165
35.59800074000003,0.21996673941612244,-12.971717618450098,-38.465096898006415
34.84945435999998,0.18760067224502563,-12.971717618450098,-38.464827403421175
36.63878783000001,0.14536362886428833,-12.971717618450098,-38.46401891966547
36.80456179999999,0.110498808324337,-12.971717618450098,-38.460784984642636
37.624886600000025,0.070270836353302,-12.971717618450098,-38.4597070063017
40.402027850000025,0.13639439642429352,-12.971717618450098,-38.45782054420504
39.98502941000004,0.07599499821662903,-12.971717618450098,-38.4567425658641
39.797038310000005,0.09950125217437744,-12.971717618450098,-38.45620357669363
39.61246523,0.12658873200416565,-12.971717618450098,-38.4537781254265
38.78701339999998,0.11413781344890594,-12.971717618450098,-38.45323913625604
31.11355850000001,0.4550275206565857,-12.971717618450098,-38.450544190403676
31.045198099999993,0.4617072343826294,-12.971717618450098,-38.45027469581844
31.845014780000042,0.4497964084148407,-12.971717618450098,-38.448657728307026
33.23785793000002,0.37455499172210693,-12.971717618450098,-38.44757974996608
34.62215603000004,0.07872868329286575,-12.971448123864862,-38.4739902193192
34.617029,0.09740827232599258,-12.971448123864862,-38.47372072473396
34.514488400000005,0.0790305957198143,-12.971448123864862,-38.473451230148726
34.81185614000003,0.3342529237270355,-12.971448123864862,-38.47291224097825
33.09942812000003,0.3937932848930359,-12.971448123864862,-38.47210375722254
32.803769390000014,0.26320433616638184,-12.971448123864862,-38.47183426263731
34.17610442,0.15314745903015137,-12.971448123864862,-38.47021729512589
34.95883100000003,0.10782049596309662,-12.971448123864862,-38.46617487634735
35.292087949999996,0.07103914022445679,-12.971448123864862,-38.46563588717689
34.704188509999994,0.3304605782032013,-12.971448123864862,-38.46455790883594
36.838742000000025,0.08027206361293793,-12.971448123864862,-38.461054479227876
38.484518630000025,0.0926702618598938,-12.971448123864862,-38.45943751171646
39.64322741000001,0.039642512798309326,-12.971448123864862,-38.45701206044934
39.5389778,0.08449000120162964,-12.971448123864862,-38.4567425658641
38.87759093,0.09032685309648514,-12.971448123864862,-38.45593408210839
38.920316179999986,0.09843333065509796,-12.971448123864862,-38.45566458752316
39.15103253000001,0.0748133584856987,-12.971448123864862,-38.45485610376745
39.79191128000002,0.09282924234867096,-12.971448123864862,-38.45404762001174
39.46719938000001,0.09066582471132278,-12.971448123864862,-38.45350863084127
32.13041944999998,0.4521935284137726,-12.971448123864862,-38.45108317957415
31.240025240000023,0.44106394052505493,-12.971448123864862,-38.45081368498891
30.368430139999987,0.42349088191986084,-12.971448123864862,-38.44946621206273
31.37332802000003,0.46272310614585876,-12.971448123864862,-38.448388233721786
31.768109330000016,0.4718315601348877,-12.971448123864862,-38.447849244551314
32.837949589999994,0.395110547542572,-12.971448123864862,-38.44704076079561
35.19809240000001,0.12068998068571091,-12.971178629279626,-38.47291224097825
32.91485504000002,0.4527570903301239,-12.971178629279626,-38.47210375722254
33.44123012,0.22078697383403778,-12.971178629279626,-38.471295273466836
34.056473719999985,0.17013883590698242,-12.971178629279626,-38.47048678971113
33.62751221000002,0.20979562401771545,-12.971178629279626,-38.46994780054066
33.91633490000004,0.14243903756141663,-12.971178629279626,-38.46913931678495
36.312366920000045,0.13294798135757446,-12.971178629279626,-38.46806133844401
34.96224902000006,0.2624477446079254,-12.971178629279626,-38.46644437093259
36.406362469999976,0.0970313549041748,-12.971178629279626,-38.46267144673929
36.75158249000003,0.09576845914125443,-12.971178629279626,-38.46159346839835
38.899808060000055,0.0937437042593956,-12.971178629279626,-38.45566458752316
39.279208280000034,0.08769551664590836,-12.971178629279626,-38.454586609182215
30.26588953999999,0.4280813932418823,-12.971178629279626,-38.4491967174775
31.081087310000044,0.4642014801502228,-12.971178629279626,-38.44757974996608
31.451942480000014,0.46150001883506775,-12.971178629279626,-38.44731025538085
35.750102630000015,0.058167245239019394,-12.97090913469439,-38.47372072473396
32.15776361000002,0.33930057287216187,-12.97090913469439,-38.471295273466836
33.87702767000002,0.1605154126882553,-12.97090913469439,-38.470756284296364
34.471763150000015,0.23039370775222778,-12.97090913469439,-38.46752234927354
34.972503080000024,0.18520702421665192,-12.97090913469439,-38.46590538176212
34.972503080000024,0.18520702421665192,-12.97090913469439,-38.46563588717689
35.24423567000002,0.18473367393016815,-12.97090913469439,-38.46455790883594
35.13656804000004,0.2825261056423187,-12.97090913469439,-38.4642884142507
35.823590060000015,0.29074591398239136,-12.97090913469439,-38.46401891966547
36.796016750000035,0.10719913244247437,-12.97090913469439,-38.46159346839835
38.27943743000003,0.07932400703430176,-12.97090913469439,-38.460784984642636
38.42128525999999,0.09106593579053879,-12.97090913469439,-38.460245995472164
39.39200294,0.06896211951971054,-12.97090913469439,-38.45997650088693
40.673760440000024,0.12150115519762039,-12.97090913469439,-38.458359533375514
38.34267080000001,0.10935281962156296,-12.97090913469439,-38.456473071278864
38.89639004000003,0.12317830324172974,-12.97090913469439,-38.45539509293792
35.469824990000006,0.21696974337100983,-12.97090913469439,-38.452700147085565
32.87896583000003,0.3901783227920532,-12.97090913469439,-38.45216115791509
31.754437250000024,0.4195137917995453,-12.97090913469439,-38.45189166332985
30.260762510000006,0.46250227093696594,-12.97090913469439,-38.45108317957415
29.889907340000036,0.46338096261024475,-12.97090913469439,-38.450544190403676
29.754895550000015,0.46038728952407837,-12.97090913469439,-38.45027469581844
29.906997440000055,0.46889638900756836,-12.97090913469439,-38.44973570664797
30.036882200000036,0.41816529631614685,-12.97090913469439,-38.448388233721786
35.707377380000025,0.03628096729516983,-12.970639640109153,-38.473181735563486
32.88067483999998,0.22551904618740082,-12.970639640109153,-38.471025778881604
34.15388729000006,0.14503614604473114,-12.970639640109153,-38.47021729512589
34.98446615,0.25480616092681885,-12.970639640109153,-38.4642884142507
36.17564612000001,0.1874084621667862,-12.970639640109153,-38.46321043590976
38.255511290000015,0.11778831481933594,-12.970639640109153,-38.460515490057404
40.40715488000001,0.12938326597213745,-12.970639640109153,-38.458629027960754
38.069229199999995,0.1057913601398468,-12.970639640109153,-38.4567425658641
38.06068415000004,0.12042420357465744,-12.970639640109153,-38.456473071278864
38.01795890000005,0.08670280128717422,-12.970639640109153,-38.45620357669363
38.66054666000002,0.10192039608955383,-12.970639640109153,-38.45539509293792
38.87759093,0.09331388026475906,-12.970639640109153,-38.4537781254265
30.62136362000001,0.4476040303707123,-12.970639640109153,-38.45162216874462
30.13771379000002,0.470023512840271,-12.970639640109153,-38.45081368498891
29.92921457,0.43927156925201416,-12.970639640109153,-38.4491967174775
29.75147752999999,0.43671897053718567,-12.970639640109153,-38.448388233721786
34.29573512000002,0.0648379847407341,-12.970370145523919,-38.47372072473396
31.882612999999992,0.2235834300518036,-12.970370145523919,-38.471295273466836
32.75933513000001,0.21381783485412598,-12.970370145523919,-38.471025778881604
34.81869218000003,0.14460475742816925,-12.970370145523919,-38.46913931678495
34.84945435999998,0.21792228519916534,-12.970370145523919,-38.46752234927354
35.42197270999998,0.12661899626255035,-12.970370145523919,-38.46536639259165
37.60608749000005,0.10754545032978058,-12.970370145523919,-38.461054479227876
40.10636912000001,0.1108357310295105,-12.970370145523919,-38.459168017131226
40.10978713999998,0.10595554113388062,-12.970370145523919,-38.45889852254599
39.95939426000001,0.11293257027864456,-12.970370145523919,-38.458629027960754
39.95597624000004,0.1093294695019722,-12.970370145523919,-38.458359533375514
38.38368704000004,0.09465903043746948,-12.970370145523919,-38.45512559835269
38.699853889999986,0.08684830367565155,-12.970370145523919,-38.454586609182215
38.79214043000002,0.11148999631404877,-12.970370145523919,-38.45404762001174
38.36488793000001,0.09866035729646683,-12.970370145523919,-38.45350863084127
36.26280563,0.16727355122566223,-12.970370145523919,-38.4529696416708
33.18316961000005,0.3279011845588684,-12.970370145523919,-38.452430652500325
30.44875361000004,0.4398166537284851,-12.970370145523919,-38.45162216874462
29.958267739999997,0.47941094636917114,-12.970370145523919,-38.450544190403676
29.89845238999999,0.4844687581062317,-12.970370145523919,-38.44973570664797
29.958267739999997,0.43162864446640015,-12.970370145523919,-38.4491967174775
31.296422570000004,0.458343505859375,-12.970370145523919,-38.446771266210376
32.37822590000002,0.2178330421447754,-12.970100650938683,-38.471295273466836
35.922712639999986,0.1368507295846939,-12.970100650938683,-38.468869822199714
35.447607860000005,0.09546201676130295,-12.970100650938683,-38.46617487634735
34.61361098000003,0.14277063310146332,-12.970100650938683,-38.46240195215405
36.80627081,0.14776146411895752,-12.970100650938683,-38.46132397381311
38.41274021000004,0.11534025520086288,-12.970100650938683,-38.45485610376745
38.50502675000001,0.08500009030103683,-12.970100650938683,-38.454317114596975
36.97888082000003,0.13366080820560455,-12.970100650938683,-38.45323913625604
34.152178280000044,0.16625818610191345,-12.969831156353447,-38.47237325180778
35.61850886000002,0.23013438284397125,-12.969831156353447,-38.47021729512589
36.28331375000005,0.10476785153150558,-12.969831156353447,-38.46913931678495
33.940261039999996,0.18461297452449799,-12.969831156353447,-38.4672528546883
34.777675939999995,0.14739491045475006,-12.969831156353447,-38.46617487634735
36.51744812000004,0.11177435517311096,-12.969831156353447,-38.46536639259165
36.53795624000003,0.07921820133924484,-12.969831156353447,-38.465096898006415
35.43222677000006,0.1406884789466858,-12.969831156353447,-38.46455790883594
33.73176182000003,0.2191067934036255,-12.969831156353447,-38.463479930495
37.57874333000001,0.21950776875019073,-12.969831156353447,-38.46159346839835
38.08973732000004,0.13769878447055817,-12.969831156353447,-38.46132397381311
38.44008437000002,0.10000956803560257,-12.969831156353447,-38.460245995472164
39.053618959999994,0.10578154027462006,-12.969831156353447,-38.458629027960754
38.16322475000004,0.10150846093893051,-12.969831156353447,-38.45782054420504
37.53601808000002,0.10400030761957169,-12.969831156353447,-38.456473071278864
37.92909038000005,0.11049820482730865,-12.969831156353447,-38.45593408210839
29.99586596000006,0.4893307387828827,-12.969831156353447,-38.4500052012332
29.75147752999999,0.4651776850223541,-12.969831156353447,-38.4491967174775
35.885114420000036,0.05739350989460945,-12.96956166176821,-38.473181735563486
34.22224769000002,0.16530555486679077,-12.96956166176821,-38.47237325180778
33.072083959999986,0.2974742650985718,-12.96956166176821,-38.47183426263731
33.16437050000002,0.18795235455036163,-12.96956166176821,-38.471564768052076
35.51084122999998,0.3247598111629486,-12.96956166176821,-38.47021729512589
37.568489269999986,0.1281190812587738,-12.96956166176821,-38.46860032761448
37.24206836000002,0.150223046541214,-12.96956166176821,-38.46833083302924
33.54035270000003,0.26973217725753784,-12.96956166176821,-38.4672528546883
33.620676170000024,0.21450203657150269,-12.96956166176821,-38.466713865517825
36.24913355000001,0.1225125640630722,-12.96956166176821,-38.46590538176212
36.24913355000001,0.1225125640630722,-12.96956166176821,-38.46563588717689
35.914167590000034,0.3181455433368683,-12.96956166176821,-38.46213245756882
36.58239050000003,0.1930493265390396,-12.96956166176821,-38.46186296298358
37.447149560000014,0.1226854920387268,-12.96956166176821,-38.46132397381311
38.151261680000005,0.10486195981502533,-12.96956166176821,-38.460245995472164
37.99915979000002,0.09528981149196625,-12.96956166176821,-38.45997650088693
37.43176847000001,0.10503677278757095,-12.96956166176821,-38.4567425658641
38.233294160000014,0.11284586042165756,-12.96956166176821,-38.45512559835269
38.46059249000001,0.10810758173465729,-12.96956166176821,-38.454317114596975
38.09486435000002,0.1312142163515091,-12.96956166176821,-38.45404762001174
33.43268507000005,0.3180079460144043,-12.96956166176821,-38.452700147085565
29.63184683000003,0.4714115262031555,-12.96956166176821,-38.4491967174775
29.500253059999977,0.4644913673400879,-12.96956166176821,-38.447849244551314
33.174624559999984,0.09323594719171524,-12.969292167182974,-38.47372072473396
34.68197138000005,0.1517433077096939,-12.969292167182974,-38.472642746393014
33.65998339999999,0.29870834946632385,-12.969292167182974,-38.47210375722254
34.97421209000004,0.23351940512657166,-12.969292167182974,-38.470756284296364
35.18271131000006,0.17830032110214233,-12.969292167182974,-38.46994780054066
37.65564877999998,0.09334840625524521,-12.969292167182974,-38.468869822199714
34.17952244000003,0.2020401805639267,-12.969292167182974,-38.46644437093259
36.025253239999984,0.0997251570224762,-12.969292167182974,-38.46563588717689
35.63730797000005,0.1426771879196167,-12.969292167182974,-38.46455790883594
35.67148817000003,0.3167916238307953,-12.969292167182974,-38.46240195215405
37.97523365000001,0.14832280576229095,-12.969292167182974,-38.461054479227876
37.97865166999998,0.11272235959768295,-12.969292167182974,-38.45539509293792
32.834531570000024,0.40424227714538574,-12.969292167182974,-38.452700147085565
31.282750490000012,0.38673219084739685,-12.969292167182974,-38.45216115791509
30.100115570000014,0.4556654095649719,-12.969292167182974,-38.45108317957415
29.75318654,0.45986056327819824,-12.969292167182974,-38.45027469581844
29.472908899999993,0.46717551350593567,-12.969292167182974,-38.447849244551314
29.45581880000003,0.4979568421840668,-12.969292167182974,-38.44704076079561
31.968063500000028,0.4043653905391693,-12.969022672597738,-38.471564768052076
35.01351932,0.18514135479927063,-12.969022672597738,-38.46833083302924
36.32603900000004,0.18793432414531708,-12.969022672597738,-38.46590538176212
36.091904630000045,0.1179545670747757,-12.969022672597738,-38.46455790883594
36.30382186999998,0.09658464044332504,-12.969022672597738,-38.4642884142507
35.25619874000006,0.1580824851989746,-12.969022672597738,-38.46374942508023
34.87167149000004,0.11759328097105026,-12.969022672597738,-38.463479930495
34.29744413000003,0.29388371109962463,-12.969022672597738,-38.46159346839835
36.640496840000026,0.09483963251113892,-12.969022672597738,-38.45755104961981
30.178730029999997,0.42317771911621094,-12.969022672597738,-38.45135267415938
30.067644380000047,0.4385904371738434,-12.969022672597738,-38.45108317957415
29.954849720000027,0.44946521520614624,-12.969022672597738,-38.45081368498891
29.664318019999996,0.4546164274215698,-12.969022672597738,-38.44973570664797
29.49854405000002,0.5013609528541565,-12.969022672597738,-38.446771266210376
32.76617117000001,0.20161598920822144,-12.968753178012504,-38.47291224097825
30.946075520000022,0.44041070342063904,-12.968753178012504,-38.471564768052076
32.03813291000006,0.22861191630363464,-12.968753178012504,-38.470756284296364
32.84136761000002,0.22928619384765625,-12.968753178012504,-38.47048678971113
34.72811465000001,0.2048143595457077,-12.968753178012504,-38.46994780054066
34.38118562,0.1524462252855301,-12.968753178012504,-38.466713865517825
34.967376049999984,0.11476189643144608,-12.968753178012504,-38.46644437093259
36.09703166000003,0.14137661457061768,-12.968753178012504,-38.46536639259165
36.22008038000001,0.1390533596277237,-12.968753178012504,-38.46455790883594
35.425390730000004,0.17284831404685974,-12.968753178012504,-38.46374942508023
36.51915713000005,0.32676610350608826,-12.968753178012504,-38.460515490057404
36.872922200000005,0.2602981626987457,-12.968753178012504,-38.460245995472164
37.370244110000044,0.10721563547849655,-12.968753178012504,-38.45620357669363
37.30530173,0.0944543108344078,-12.968753178012504,-38.45539509293792
34.04280163999999,0.16369618475437164,-12.968753178012504,-38.45323913625604
31.759564280000006,0.4183579981327057,-12.968753178012504,-38.452700147085565
30.385520240000005,0.4264732003211975,-12.968753178012504,-38.45216115791509
29.766858619999994,0.46582236886024475,-12.968753178012504,-38.450544190403676
29.59253960000001,0.4715464413166046,-12.968753178012504,-38.44892722289226
29.551523360000033,0.4850574731826782,-12.968753178012504,-38.448118739136554
31.66727774000003,0.07993479073047638,-12.968483683427268,-38.47210375722254
31.253697320000015,0.11210092902183533,-12.968483683427268,-38.47183426263731
30.60256450999998,0.40151625871658325,-12.968483683427268,-38.471564768052076
30.682887980000032,0.4366016387939453,-12.968483683427268,-38.471295273466836
35.77915580000001,0.11846661567687988,-12.968483683427268,-38.46940881137019
35.08358873000003,0.1505848914384842,-12.968483683427268,-38.46833083302924
36.32603900000004,0.10571788251399994,-12.968483683427268,-38.46563588717689
36.32603900000004,0.10571788251399994,-12.968483683427268,-38.46536639259165
36.02696225,0.09888506680727005,-12.968483683427268,-38.464827403421175
32.64995849000002,0.43007251620292664,-12.968483683427268,-38.46240195215405
37.08654845000001,0.1329626739025116,-12.968483683427268,-38.459168017131226
37.78553354000002,0.08790888637304306,-12.968483683427268,-38.45809003879028
36.760127539999985,0.09973274916410446,-12.968483683427268,-38.45782054420504
36.68834912,0.1046728640794754,-12.968483683427268,-38.45755104961981
37.58216134999998,0.11150392144918442,-12.968483683427268,-38.456473071278864
30.214619240000047,0.43141451478004456,-12.968483683427268,-38.45162216874462
30.04200923000002,0.42773792147636414,-12.968483683427268,-38.45135267415938
29.60108465000002,0.4797499179840088,-12.968483683427268,-38.448657728307026
30.520532030000027,0.3688404858112335,-12.968214188842031,-38.471295273466836
31.91679320000003,0.09697402268648148,-12.968214188842031,-38.470756284296364
35.39291953999998,0.20360848307609558,-12.968214188842031,-38.46860032761448
37.27624856,0.12919005751609802,-12.968214188842031,-38.465096898006415
34.07014579999998,0.09896351397037506,-12.968214188842031,-38.46159346839835
38.756251220000024,0.14313578605651855,-12.968214188842031,-38.458629027960754
37.86585701000001,0.11930681020021439,-12.968214188842031,-38.45593408210839
36.93615556999998,0.1520213484764099,-12.968214188842031,-38.45512559835269
34.129961149999986,0.24662645161151886,-12.968214188842031,-38.4537781254265
30.16847597000003,0.40534549951553345,-12.968214188842031,-38.452430652500325
30.08986150999999,0.4327367842197418,-12.968214188842031,-38.45162216874462
29.148196999999982,0.46937909722328186,-12.968214188842031,-38.44731025538085
29.095217690000027,0.4266917109489441,-12.967944694256795,-38.47291224097825
33.87019163000002,0.16676455736160278,-12.967944694256795,-38.46994780054066
35.29037893999998,0.11346670985221863,-12.967944694256795,-38.46913931678495
34.32137026999999,0.23428891599178314,-12.967944694256795,-38.46779184385877
33.68049152000003,0.24320703744888306,-12.967944694256795,-38.466983360103065
34.23250174999998,0.20894648134708405,-12.967944694256795,-38.466713865517825
37.03527815000001,0.12868216633796692,-12.967944694256795,-38.46401891966547
32.99346950000006,0.22566308081150055,-12.967944694256795,-38.462940941324526
33.04132178000003,0.27976611256599426,-12.967944694256795,-38.46267144673929
34.88876159000006,0.09043943136930466,-12.967944694256795,-38.460515490057404
34.618738010000015,0.20459769666194916,-12.967944694256795,-38.45997650088693
35.06308061000004,0.2872580885887146,-12.967944694256795,-38.4597070063017
37.86585701000001,0.15297242999076843,-12.967944694256795,-38.456473071278864
37.67786591000004,0.1380995810031891,-12.967944694256795,-38.45620357669363
37.65393977000002,0.12857457995414734,-12.967944694256795,-38.45593408210839
36.89855735000003,0.1385190784931183,-12.967944694256795,-38.45566458752316
36.26280563,0.11487937718629837,-12.967944694256795,-38.45512559835269
36.26280563,0.11487937718629837,-12.967944694256795,-38.45485610376745
35.456152910000014,0.14244447648525238,-12.967944694256795,-38.454586609182215
29.99928398000003,0.430460125207901,-12.967944694256795,-38.45162216874462
29.51905217000001,0.4350495934486389,-12.967944694256795,-38.450544190403676
29.31738899000004,0.4726739227771759,-12.967944694256795,-38.448388233721786
29.92237853000006,0.13417948782444,-12.96767519967156,-38.47210375722254
30.46071668000002,0.14054517447948456,-12.96767519967156,-38.47183426263731
30.684596990000045,0.24530275166034698,-12.96767519967156,-38.471564768052076
31.59379031000003,0.19335831701755524,-12.96767519967156,-38.471025778881604
35.17074824000002,0.1301126778125763,-12.96767519967156,-38.46940881137019
34.51790642000003,0.2939335107803345,-12.96767519967156,-38.46806133844401
34.839200300000016,0.1521017700433731,-12.96767519967156,-38.463479930495
33.089174060000005,0.13712827861309052,-12.96767519967156,-38.462940941324526
32.64312245000002,0.19279998540878296,-12.96767519967156,-38.46132397381311
34.62557405000001,0.1048673763871193,-12.96767519967156,-38.460245995472164
33.61725815,0.21961307525634766,-12.96767519967156,-38.4597070063017
38.12391752000002,0.09060949832201004,-12.96767519967156,-38.45782054420504
37.99061474000001,0.10133367776870728,-12.96767519967156,-38.45728155503457
35.187838339999985,0.1693851500749588,-12.96767519967156,-38.45512559835269
31.98173558000002,0.30416804552078247,-12.96767519967156,-38.4537781254265
31.34256584000002,0.40999382734298706,-12.96767519967156,-38.45350863084127
29.87452625000003,0.4515301287174225,-12.96767519967156,-38.45216115791509
29.89503437000002,0.441703736782074,-12.96767519967156,-38.45189166332985
29.729260400000044,0.4459412693977356,-12.96767519967156,-38.45108317957415
29.61475673000001,0.44454824924468994,-12.96767519967156,-38.45081368498891
28.891845500000045,0.4501588046550751,-12.96767519967156,-38.44946621206273
29.178959179999993,0.47782182693481445,-12.96767519967156,-38.448388233721786
29.331061070000032,0.4459887146949768,-12.96767519967156,-38.44757974996608
29.156742050000048,0.44716978073120117,-12.96767519967156,-38.44731025538085
32.220996979999995,0.1724330484867096,-12.967405705086323,-38.471025778881604
34.10774402000004,0.13762855529785156,-12.967405705086323,-38.46994780054066
33.357488630000034,0.41572922468185425,-12.967405705086323,-38.46752234927354
33.95564213,0.26683908700942993,-12.967405705086323,-38.4672528546883
35.93467571000002,0.13681823015213013,-12.967405705086323,-38.46617487634735
37.387334210000006,0.09982376545667648,-12.967405705086323,-38.46590538176212
32.83282256000001,0.11777644604444504,-12.967405705086323,-38.46213245756882
31.860395870000048,0.30836236476898193,-12.967405705086323,-38.46132397381311
34.661463260000005,0.18551212549209595,-12.967405705086323,-38.45943751171646
38.37685099999999,0.09038279205560684,-12.967405705086323,-38.45782054420504
36.76696358000004,0.16204997897148132,-12.967405705086323,-38.456473071278864
33.34210754000003,0.2030550092458725,-12.967405705086323,-38.454586609182215
32.588434129999996,0.2044864147901535,-12.967405705086323,-38.454317114596975
29.89503437000002,0.441703736782074,-12.967405705086323,-38.45189166332985
29.447273750000022,0.44101494550704956,-12.967405705086323,-38.450544190403676
29.052492440000037,0.44312065839767456,-12.967405705086323,-38.4500052012332
28.722653509999986,0.4605697691440582,-12.967405705086323,-38.44946621206273
28.820067080000058,0.4656781554222107,-12.967405705086323,-38.448657728307026
32.337209659999985,0.17847009003162384,-12.967136210501089,-38.471564768052076
32.670466610000005,0.22233587503433228,-12.967136210501089,-38.471295273466836
33.13019029999998,0.153218612074852,-12.967136210501089,-38.468869822199714
33.171206540000014,0.1515943706035614,-12.967136210501089,-38.46860032761448
32.94049018999999,0.4053937494754791,-12.967136210501089,-38.46779184385877
33.20880476000002,0.383542001247406,-12.967136210501089,-38.46752234927354
35.85947927000001,0.11101765930652618,-12.967136210501089,-38.466713865517825
37.720591160000026,0.09108713269233704,-12.967136210501089,-38.46563588717689
37.720591160000026,0.09108713269233704,-12.967136210501089,-38.46536639259165
37.823131760000024,0.07872293889522552,-12.967136210501089,-38.465096898006415
33.314763380000045,0.21743708848953247,-12.967136210501089,-38.46321043590976
31.749310219999984,0.16103939712047577,-12.967136210501089,-38.46132397381311
33.689036569999985,0.10082279145717621,-12.967136210501089,-38.460245995472164
38.14613465000002,0.09893645346164703,-12.967136210501089,-38.45728155503457
33.10797317000004,0.19308224320411682,-12.967136210501089,-38.45485610376745
29.871108230000004,0.42891401052474976,-12.967136210501089,-38.45323913625604
29.491708010000025,0.4407707452774048,-12.967136210501089,-38.452700147085565
29.961685760000023,0.4162493050098419,-12.967136210501089,-38.45162216874462
30.10695161000001,0.34695756435394287,-12.967136210501089,-38.45135267415938
29.83521902000001,0.38657045364379883,-12.967136210501089,-38.45108317957415
28.654293110000026,0.45952075719833374,-12.967136210501089,-38.4491967174775
31.135775630000012,0.1709953397512436,-12.966866715915852,-38.472642746393014
31.88774003000003,0.2623434066772461,-12.966866715915852,-38.47210375722254
33.682200530000046,0.1520707905292511,-12.966866715915852,-38.47021729512589
33.67365547999998,0.1759696751832962,-12.966866715915852,-38.468869822199714
35.09042477000003,0.13523055613040924,-12.966866715915852,-38.466983360103065
36.324329990000024,0.10418801754713058,-12.966866715915852,-38.466713865517825
34.36067750000001,0.10353350639343262,-12.966866715915852,-38.46240195215405
34.75716782000001,0.11595962941646576,-12.966866715915852,-38.460245995472164
37.41126035000002,0.11081086099147797,-12.966866715915852,-38.45809003879028
36.64220584999998,0.14122150838375092,-12.966866715915852,-38.4567425658641
32.58159809000006,0.2419770359992981,-12.966866715915852,-38.45539509293792
32.17998074000002,0.36945831775665283,-12.966866715915852,-38.45485610376745
30.385520240000005,0.445484459400177,-12.966866715915852,-38.4537781254265
29.871108230000004,0.42891401052474976,-12.966866715915852,-38.45323913625604
29.440437710000026,0.4509318768978119,-12.966866715915852,-38.452700147085565
29.77882169000003,0.4685239791870117,-12.966866715915852,-38.45216115791509
28.722653509999986,0.45402008295059204,-12.966866715915852,-38.44892722289226
29.055910460000007,0.44583597779273987,-12.966866715915852,-38.447849244551314
31.09988642000002,0.20412227511405945,-12.966597221330616,-38.473181735563486
32.67559363999999,0.18860659003257751,-12.966597221330616,-38.47210375722254
34.20173957000003,0.210594043135643,-12.966597221330616,-38.471025778881604
33.84455648000005,0.10580134391784668,-12.966597221330616,-38.47021729512589
34.09407194000005,0.16065047681331635,-12.966597221330616,-38.46860032761448
36.47814089000002,0.1302797943353653,-12.966597221330616,-38.466713865517825
36.086777600000005,0.053945403546094894,-12.966597221330616,-38.46401891966547
35.91587660000005,0.06369192153215408,-12.966597221330616,-38.46374942508023
34.746913759999984,0.06948213279247284,-12.966597221330616,-38.462940941324526
33.90437183000006,0.07621151953935623,-12.966597221330616,-38.46213245756882
34.57772177000004,0.1477498859167099,-12.966597221330616,-38.460245995472164
34.203448579999986,0.11878006905317307,-12.966597221330616,-38.4597070063017
33.13531733000002,0.20946846902370453,-12.966597221330616,-38.45593408210839
29.54981435000002,0.44889190793037415,-12.966597221330616,-38.452430652500325
29.816419910000036,0.45417943596839905,-12.966597221330616,-38.45162216874462
29.577158510000004,0.34008416533470154,-12.966597221330616,-38.45108317957415
28.90209956000001,0.4222838580608368,-12.966597221330616,-38.4500052012332
35.12460497000001,0.12635254859924316,-12.96632772674538,-38.471564768052076
34.75033178000001,0.18928787112236023,-12.96632772674538,-38.471295273466836
34.670008310000014,0.19432298839092255,-12.96632772674538,-38.471025778881604
34.63411910000002,0.1964099258184433,-12.96632772674538,-38.46994780054066
34.30428017000003,0.11897517740726471,-12.96632772674538,-38.468869822199714
35.09726081000002,0.20928499102592468,-12.96632772674538,-38.46752234927354
35.775737779999986,0.13932469487190247,-12.96632772674538,-38.4672528546883
36.69518516000005,0.149902805685997,-12.96632772674538,-38.46617487634735
35.60996381000001,0.23511038720607758,-12.96632772674538,-38.46455790883594
32.16289064,0.1380077451467514,-12.96632772674538,-38.46159346839835
34.15730531000003,0.1832510381937027,-12.96632772674538,-38.45997650088693
35.96543789000003,0.26766347885131836,-12.96632772674538,-38.45809003879028
29.707043269999986,0.41405606269836426,-12.96632772674538,-38.4537781254265
29.283208790000003,0.44304144382476807,-12.96632772674538,-38.45323913625604
28.61669489000002,0.4166907072067261,-12.96632772674538,-38.45027469581844
28.355216359999986,0.43536415696144104,-12.96632772674538,-38.44946621206273
28.29711001999999,0.4272598624229431,-12.96632772674538,-38.44757974996608
33.15582545000001,0.031911686062812805,-12.966058232160144,-38.472642746393014
34.44441899000003,0.2910468280315399,-12.966058232160144,-38.46994780054066
37.14807281000003,0.06608310341835022,-12.966058232160144,-38.4672528546883
37.35999005000002,0.07539993524551392,-12.966058232160144,-38.466713865517825
37.63684967000006,0.1725776344537735,-12.966058232160144,-38.46644437093259
37.254031430000055,0.15454362332820892,-12.966058232160144,-38.465096898006415
35.93809372999999,0.2506293058395386,-12.966058232160144,-38.4642884142507
33.577950920000035,0.11135472357273102,-12.966058232160144,-38.46240195215405
31.469032580000032,0.17558647692203522,-12.966058232160144,-38.460784984642636
31.22122612999999,0.4552268385887146,-12.966058232160144,-38.45512559835269
30.872588090000022,0.4675951600074768,-12.966058232160144,-38.454586609182215
29.13110690000002,0.4524005949497223,-12.966058232160144,-38.4529696416708
28.151844170000004,0.4446226954460144,-12.966058232160144,-38.45027469581844
28.13304506000003,0.43294772505760193,-12.966058232160144,-38.448118739136554
33.50617250000005,0.0642763301730156,-12.96578873757491,-38.472642746393014
34.05476471000003,0.13474808633327484,-12.96578873757491,-38.47210375722254
35.10409685000002,0.11593450605869293,-12.96578873757491,-38.470756284296364
35.145113089999995,0.15332001447677612,-12.96578873757491,-38.46940881137019
35.83726214000001,0.15902237594127655,-12.96578873757491,-38.46860032761448
36.96862676000001,0.10241049528121948,-12.96578873757491,-38.46806133844401
37.43689549999999,0.07693127542734146,-12.96578873757491,-38.4672528546883
36.97888082000003,0.17130307853221893,-12.96578873757491,-38.46617487634735
37.51380095000002,0.31405794620513916,-12.96578873757491,-38.46563588717689
37.23865034000005,0.21876537799835205,-12.96578873757491,-38.465096898006415
35.55356648000003,0.0774255245923996,-12.96578873757491,-38.463479930495
35.74668460999999,0.09110697358846664,-12.96578873757491,-38.46321043590976
35.285251910000056,0.11473100632429123,-12.96578873757491,-38.46267144673929
33.31134536000002,0.10211171954870224,-12.96578873757491,-38.46240195215405
31.62284348000003,0.2399493306875229,-12.96578873757491,-38.46159346839835
31.525429910000014,0.34592506289482117,-12.96578873757491,-38.46132397381311
32.83282256000001,0.20546908676624298,-12.96578873757491,-38.45728155503457
28.87646441000004,0.43058231472969055,-12.96578873757491,-38.4529696416708
29.185795220000045,0.44300130009651184,-12.96578873757491,-38.452700147085565
29.129397890000007,0.44490891695022583,-12.96578873757491,-38.452430652500325
28.98755005999999,0.4540044367313385,-12.96578873757491,-38.45216115791509
28.03392248,0.4270849823951721,-12.96578873757491,-38.4500052012332
27.840804349999985,0.42411765456199646,-12.96578873757491,-38.448118739136554
34.43929195999999,0.10338524729013443,-12.965519242989673,-38.47048678971113
35.382665480000014,0.2076472043991089,-12.965519242989673,-38.46913931678495
36.82506992000003,0.070371612906456,-12.965519242989673,-38.46806133844401
37.18567102999998,0.1461491882801056,-12.965519242989673,-38.46644437093259
35.73643055000002,0.08426174521446228,-12.965519242989673,-38.462940941324526
33.712962710000056,0.11250170320272446,-12.965519242989673,-38.46240195215405
30.438499550000017,0.2858312427997589,-12.965519242989673,-38.460784984642636
30.66921590000004,0.15121524035930634,-12.965519242989673,-38.460515490057404
31.01785394000001,0.1476154923439026,-12.965519242989673,-38.460245995472164
34.18123145000004,0.13933879137039185,-12.965519242989673,-38.459168017131226
31.301549600000044,0.410565048456192,-12.965519242989673,-38.4567425658641
28.843993220000016,0.43645691871643066,-12.965519242989673,-38.45350863084127
28.79101391000006,0.4458467662334442,-12.965519242989673,-38.4529696416708
28.63891202000002,0.4315398335456848,-12.965519242989673,-38.45189166332985
28.502191219999986,0.4325188398361206,-12.965519242989673,-38.45135267415938
28.127918030000046,0.44667065143585205,-12.965519242989673,-38.45081368498891
28.334708240000055,0.45249494910240173,-12.965519242989673,-38.44973570664797
34.15388729000006,0.0809074267745018,-12.965249748404437,-38.47237325180778
34.576012760000026,0.07336351275444031,-12.965249748404437,-38.47210375722254
34.71102455000005,0.09730418771505356,-12.965249748404437,-38.46967830595542
35.37924745999999,0.13498543202877045,-12.965249748404437,-38.46860032761448
36.54650129000004,0.08429524302482605,-12.965249748404437,-38.46779184385877
37.66932086000003,0.08734806627035141,-12.965249748404437,-38.466983360103065
37.664193830000045,0.10781656205654144,-12.965249748404437,-38.466713865517825
36.872922200000005,0.2875097692012787,-12.965249748404437,-38.46563588717689
35.22030953000001,0.22475433349609375,-12.965249748404437,-38.46374942508023
32.00395271000002,0.11518420279026031,-12.965249748404437,-38.46186296298358
32.91998207000006,0.1458945870399475,-12.965249748404437,-38.45943751171646
33.33698050999999,0.18214794993400574,-12.965249748404437,-38.45809003879028
32.325246590000006,0.22068887948989868,-12.965249748404437,-38.45755104961981
31.050325130000033,0.4179456830024719,-12.965249748404437,-38.45566458752316
30.281270629999995,0.44149553775787354,-12.965249748404437,-38.45512559835269
28.869628369999987,0.43195244669914246,-12.965249748404437,-38.45350863084127
28.94995184000004,0.44975367188453674,-12.965249748404437,-38.452700147085565
28.278310910000016,0.44837120175361633,-12.965249748404437,-38.45081368498891
28.257802790000028,0.4679085910320282,-12.965249748404437,-38.45027469581844
27.967271090000054,0.4241379201412201,-12.965249748404437,-38.448388233721786
32.65679453000001,0.08092746883630753,-12.964980253819201,-38.47237325180778
35.78428283000005,0.17283634841442108,-12.964980253819201,-38.46940881137019
36.36192821000003,0.10783666372299194,-12.964980253819201,-38.46752234927354
36.35338316000002,0.13903018832206726,-12.964980253819201,-38.46644437093259
35.69199629000002,0.29870036244392395,-12.964980253819201,-38.465096898006415
31.306676630000027,0.1984681785106659,-12.964980253819201,-38.46159346839835
29.479744940000046,0.3609120547771454,-12.964980253819201,-38.460245995472164
30.394065290000015,0.3065139651298523,-12.964980253819201,-38.45997650088693
33.50617250000005,0.14117778837680817,-12.964980253819201,-38.458629027960754
32.20903391000002,0.18794773519039154,-12.964980253819201,-38.45809003879028
30.91531334000001,0.4232112169265747,-12.964980253819201,-38.45728155503457
30.496605890000012,0.43583235144615173,-12.964980253819201,-38.45620357669363
30.13258675999998,0.4769690930843353,-12.964980253819201,-38.454586609182215
29.86085417000004,0.4738779067993164,-12.964980253819201,-38.454317114596975
28.741452620000018,0.46754491329193115,-12.964980253819201,-38.4529696416708
28.488519139999994,0.44978269934654236,-12.964980253819201,-38.45162216874462
28.300528040000017,0.45293501019477844,-12.964980253819201,-38.45081368498891
28.250966750000032,0.4538923501968384,-12.964980253819201,-38.450544190403676
28.50390023,0.43891480565071106,-12.964980253819201,-38.44973570664797
28.445793890000004,0.4307796061038971,-12.964980253819201,-38.4491967174775
28.126209020000033,0.41387125849723816,-12.964980253819201,-38.448657728307026
33.93855202999998,0.2381482869386673,-12.964710759233965,-38.47048678971113
35.835553129999994,0.19384385645389557,-12.964710759233965,-38.46913931678495
36.19273622000003,0.08021008223295212,-12.964710759233965,-38.46806133844401
35.181002300000046,0.34298279881477356,-12.964710759233965,-38.46536639259165
34.94686793000005,0.10837159305810928,-12.964710759233965,-38.46321043590976
34.32649730000003,0.14592574536800385,-12.964710759233965,-38.46240195215405
33.34723457000001,0.12325633317232132,-12.964710759233965,-38.46213245756882
30.394065290000015,0.3065139651298523,-12.964710759233965,-38.45997650088693
32.899473950000015,0.10868662595748901,-12.964710759233965,-38.458629027960754
32.47393046000002,0.14651760458946228,-12.964710759233965,-38.458359533375514
29.82496495999999,0.36013248562812805,-12.964710759233965,-38.45755104961981
29.120852839999998,0.45961928367614746,-12.964710759233965,-38.4567425658641
28.611567860000036,0.4481571316719055,-12.964710759233965,-38.45404762001174
28.609858850000023,0.46428629755973816,-12.964710759233965,-38.4537781254265
28.702145390000055,0.47119995951652527,-12.964710759233965,-38.45323913625604
28.71239945000002,0.41637343168258667,-12.964710759233965,-38.45189166332985
28.227040610000017,0.45103293657302856,-12.964710759233965,-38.45081368498891
28.078356740000004,0.45598581433296204,-12.964710759233965,-38.45027469581844
28.14159011000004,0.3121897578239441,-12.964710759233965,-38.4491967174775
28.415031709999994,0.2892683446407318,-12.964710759233965,-38.44892722289226
28.502191219999986,0.2614404261112213,-12.964710759233965,-38.448657728307026
30.635035700000003,0.25106412172317505,-12.964441264648729,-38.47183426263731
32.09623925000005,0.14175908267498016,-12.964441264648729,-38.471025778881604
33.36603367999999,0.3048284947872162,-12.964441264648729,-38.470756284296364
33.91633490000004,0.1386270523071289,-12.964441264648729,-38.47021729512589
35.78770085000002,0.13654881715774536,-12.964441264648729,-38.46913931678495
35.719340450000004,0.2422267496585846,-12.964441264648729,-38.46752234927354
31.075960280000004,0.31701040267944336,-12.964441264648729,-38.46159346839835
28.637203010000007,0.47812792658805847,-12.964441264648729,-38.45485610376745
28.39623260000002,0.4552817642688751,-12.964441264648729,-38.45404762001174
28.391105570000036,0.47737306356430054,-12.964441264648729,-38.4537781254265
29.20801234999999,0.28266286849975586,-12.964441264648729,-38.45216115791509
28.821776090000014,0.3092533051967621,-12.964441264648729,-38.45189166332985
28.420158740000034,0.3819524347782135,-12.964441264648729,-38.45162216874462
28.31420012000001,0.38781991600990295,-12.964441264648729,-38.45135267415938
28.269765860000007,0.3820635676383972,-12.964441264648729,-38.45108317957415
28.184315360000028,0.36831894516944885,-12.964441264648729,-38.4491967174775
31.038362060000054,0.3272431790828705,-12.964171770063494,-38.471564768052076
35.47153400000002,0.11016559600830078,-12.964171770063494,-38.46913931678495
35.57578361000003,0.1766861230134964,-12.964171770063494,-38.46806133844401
33.60700409000003,0.32467755675315857,-12.964171770063494,-38.46455790883594
33.37970575999998,0.2684091329574585,-12.964171770063494,-38.46401891966547
34.07185480999999,0.3606889545917511,-12.964171770063494,-38.46374942508023
32.73882701000002,0.33533260226249695,-12.964171770063494,-38.46240195215405
27.772443950000024,0.41064953804016113,-12.964171770063494,-38.460515490057404
30.89651422999998,0.25705233216285706,-12.964171770063494,-38.459168017131226
28.855956289999995,0.4262821674346924,-12.964171770063494,-38.45755104961981
28.24925774000002,0.450337678194046,-12.964171770063494,-38.4537781254265
28.42699478000003,0.4401143193244934,-12.964171770063494,-38.45323913625604
28.40990468000001,0.3738270401954651,-12.964171770063494,-38.45189166332985
28.02025040000001,0.29214805364608765,-12.964171770063494,-38.4500052012332
28.06468466000001,0.3776708245277405,-12.964171770063494,-38.44973570664797
28.068102680000038,0.4164907932281494,-12.964171770063494,-38.44946621206273
34.86825347000001,0.2698412835597992,-12.963902275478258,-38.468869822199714
35.425390730000004,0.3699069619178772,-12.963902275478258,-38.46833083302924
33.789868160000026,0.18319153785705566,-12.963902275478258,-38.466713865517825
32.58159809000006,0.3439749777317047,-12.963902275478258,-38.46455790883594
30.342794990000016,0.36045268177986145,-12.963902275478258,-38.46132397381311
28.44066686000002,0.45258867740631104,-12.963902275478258,-38.45701206044934
29.206303339999977,0.41257548332214355,-12.963902275478258,-38.45620357669363
29.583994550000057,0.4527098536491394,-12.963902275478258,-38.45539509293792
28.96704194000006,0.49503663182258606,-12.963902275478258,-38.45485610376745
28.37572448000003,0.46218350529670715,-12.963902275478258,-38.45404762001174
28.372306460000004,0.3073432445526123,-12.963902275478258,-38.45135267415938
32.043259939999984,0.3393542468547821,-12.963632780893022,-38.47021729512589
33.32330843,0.2938459515571594,-12.963632780893022,-38.46967830595542
34.010330450000026,0.41023382544517517,-12.963632780893022,-38.46833083302924
33.63093022999999,0.23307938873767853,-12.963632780893022,-38.466983360103065
32.82256849999999,0.1671196073293686,-12.963632780893022,-38.46321043590976
29.97706685000003,0.27180588245391846,-12.963632780893022,-38.45809003879028
28.661129150000022,0.4381735026836395,-12.963632780893022,-38.45782054420504
28.603022810000027,0.3408909738063812,-12.963632780893022,-38.45701206044934
29.290044830000056,0.45395204424858093,-12.963632780893022,-38.456473071278864
32.458549370000014,0.14797565340995789,-12.963363286307786,-38.470756284296364
33.38483279000002,0.12898601591587067,-12.963363286307786,-38.46967830595542
33.51984458000004,0.3636494576931,-12.963363286307786,-38.46806133844401
33.18146060000004,0.20247583091259003,-12.963363286307786,-38.4672528546883
31.522011890000044,0.44468894600868225,-12.963363286307786,-38.4642884142507
31.66727774000003,0.3643747568130493,-12.963363286307786,-38.462940941324526
31.366491979999978,0.3806813359260559,-12.963363286307786,-38.46240195215405
31.17337385000002,0.2485186904668808,-12.963363286307786,-38.46186296298358
30.793973629999982,0.28921884298324585,-12.963363286307786,-38.461054479227876
30.515404999999987,0.21171744167804718,-12.963363286307786,-38.460245995472164
30.236836369999992,0.22460776567459106,-12.963363286307786,-38.45997650088693
28.688473310000006,0.2744848132133484,-12.963363286307786,-38.45728155503457
28.69360033999999,0.2801142930984497,-12.963363286307786,-38.45701206044934
30.472679749999998,0.4074656069278717,-12.963363286307786,-38.45593408210839
30.729031250000048,0.33719852566719055,-12.963363286307786,-38.45566458752316
30.00782903000004,0.2805679142475128,-12.963363286307786,-38.45512559835269
28.35692537,0.4808987081050873,-12.963363286307786,-38.45323913625604
28.358634380000012,0.4510710537433624,-12.963363286307786,-38.452700147085565
28.18944239000001,0.4848223924636841,-12.963363286307786,-38.45216115791509
30.56496629000003,0.43128058314323425,-12.963363286307786,-38.45081368498891
28.84570223000003,0.36313119530677795,-12.963363286307786,-38.44973570664797
29.368659289999982,0.2667176425457001,-12.963363286307786,-38.4491967174775
32.61577828999998,0.11307530850172043,-12.96309379172255,-38.471025778881604
32.113329350000015,0.17812804877758026,-12.96309379172255,-38.47048678971113
33.46344725000006,0.0820029228925705,-12.96309379172255,-38.46913931678495
33.20025971000001,0.4619317054748535,-12.96309379172255,-38.46806133844401
32.588434129999996,0.3192996382713318,-12.96309379172255,-38.46779184385877
32.808896419999996,0.2637607455253601,-12.96309379172255,-38.466983360103065
33.39337784000003,0.11827220022678375,-12.96309379172255,-38.46617487634735
33.91975292000001,0.22375933825969696,-12.96309379172255,-38.46563588717689
33.57111487999998,0.19440367817878723,-12.96309379172255,-38.465096898006415
31.472450600000002,0.40431055426597595,-12.96309379172255,-38.46401891966547
32.04667796000001,0.33786579966545105,-12.96309379172255,-38.463479930495
31.93901033000003,0.4259887635707855,-12.96309379172255,-38.46321043590976
32.214160940000056,0.17661774158477783,-12.96309379172255,-38.46159346839835
32.28423035000003,0.20785768330097198,-12.96309379172255,-38.46132397381311
30.92727640999999,0.1914176493883133,-12.96309379172255,-38.45997650088693
30.23512735999998,0.23315396904945374,-12.96309379172255,-38.458359533375514
29.734387430000027,0.40487945079803467,-12.96309379172255,-38.45809003879028
31.439979409999978,0.24255762994289398,-12.96309379172255,-38.45566458752316
30.860625020000043,0.20173461735248566,-12.96309379172255,-38.45539509293792
31.508339810000052,0.28068605065345764,-12.96309379172255,-38.4500052012332
30.166766960000018,0.20794957876205444,-12.96309379172255,-38.44946621206273
33.51642656000001,0.09020429849624634,-12.962824297137315,-38.468869822199714
33.24298496000006,0.2175111025571823,-12.962824297137315,-38.46644437093259
32.23637807,0.26506826281547546,-12.962824297137315,-38.463479930495
33.456611210000005,0.14910119771957397,-12.962824297137315,-38.46132397381311
31.36307396000001,0.12636415660381317,-12.962824297137315,-38.45997650088693
30.88455116,0.19189532101154327,-12.962824297137315,-38.4597070063017
30.30177875000004,0.3612072467803955,-12.962824297137315,-38.459168017131226
30.139422800000034,0.2965858280658722,-12.962824297137315,-38.458359533375514
28.33299923000004,0.4768284261226654,-12.962824297137315,-38.45728155503457
31.082796320000057,0.30525070428848267,-12.962824297137315,-38.45620357669363
31.392127130000006,0.3470238745212555,-12.962824297137315,-38.45593408210839
28.963623920000032,0.42638546228408813,-12.962824297137315,-38.45404762001174
28.162098230000026,0.4875381886959076,-12.962824297137315,-38.452430652500325
28.30223705000003,0.4841579794883728,-12.962824297137315,-38.45216115791509
31.768109330000016,0.46445828676223755,-12.962554802552079,-38.46779184385877
33.87360965000005,0.294109582901001,-12.962554802552079,-38.464827403421175
34.423910869999986,0.09121423959732056,-12.962554802552079,-38.46267144673929
33.87873668000003,0.18046805262565613,-12.962554802552079,-38.46186296298358
33.84284747000004,0.11907768994569778,-12.962554802552079,-38.461054479227876
32.726863940000044,0.12492942065000534,-12.962554802552079,-38.460515490057404
32.104784300000006,0.146466463804245,-12.962554802552079,-38.460245995472164
28.30223705000003,0.38140571117401123,-12.962554802552079,-38.45782054420504
29.888198330000023,0.43412771821022034,-12.962554802552079,-38.45512559835269
29.008058180000035,0.4612497389316559,-12.962554802552079,-38.45485610376745
28.83715718000002,0.44203323125839233,-12.962554802552079,-38.454317114596975
28.847411240000042,0.45884060859680176,-12.962554802552079,-38.45404762001174
28.65600212000004,0.44109588861465454,-12.962554802552079,-38.45162216874462
31.723675070000013,0.3949284255504608,-12.962554802552079,-38.4500052012332
31.434852380000052,0.4199327528476715,-12.962285307966843,-38.47021729512589
32.00737073000005,0.13048286736011505,-12.962285307966843,-38.46967830595542
32.76275314999998,0.095213383436203,-12.962285307966843,-38.46940881137019
31.768109330000016,0.46445828676223755,-12.962285307966843,-38.46779184385877
34.04621966000002,0.11101465672254562,-12.962285307966843,-38.46617487634735
34.709315540000034,0.14760036766529083,-12.962285307966843,-38.46240195215405
34.169268380000005,0.15283770859241486,-12.962285307966843,-38.46159346839835
32.65850354000003,0.11853062361478806,-12.962285307966843,-38.460515490057404
28.355216359999986,0.40927910804748535,-12.962285307966843,-38.45782054420504
28.679928259999997,0.438518762588501,-12.962285307966843,-38.454586609182215
27.943344949999982,0.4583367109298706,-12.962285307966843,-38.452700147085565
28.02537743000005,0.45584219694137573,-12.962285307966843,-38.452430652500325
28.744870640000045,0.4394546151161194,-12.962285307966843,-38.45162216874462
32.05009598000004,0.14212028682231903,-12.962285307966843,-38.45081368498891
31.491249710000034,0.2792011797428131,-12.962015813381607,-38.46994780054066
31.93901033000003,0.11228743940591812,-12.962015813381607,-38.46967830595542
33.53180765000002,0.1031113788485527,-12.962015813381607,-38.468869822199714
32.814023450000036,0.33724865317344666,-12.962015813381607,-38.46833083302924
31.682658830000037,0.379497766494751,-12.962015813381607,-38.46779184385877
35.30746904,0.10817337036132812,-12.962015813381607,-38.46590538176212
35.03915447000003,0.19297942519187927,-12.962015813381607,-38.465096898006415
34.376058590000014,0.1251138150691986,-12.962015813381607,-38.46401891966547
33.38654180000003,0.1919780969619751,-12.962015813381607,-38.46132397381311
31.058870179999985,0.398942768573761,-12.962015813381607,-38.456473071278864
30.864043040000013,0.354439914226532,-12.962015813381607,-38.45620357669363
28.548334490000002,0.43215715885162354,-12.962015813381607,-38.4537781254265
28.46630201000005,0.4468142092227936,-12.962015813381607,-38.45350863084127
27.979234160000033,0.44262295961380005,-12.962015813381607,-38.452430652500325
29.392585430000054,0.3699493408203125,-12.962015813381607,-38.45135267415938
31.93901033000003,0.11228743940591812,-12.96174631879637,-38.46967830595542
33.128481290000025,0.16114196181297302,-12.96174631879637,-38.46913931678495
33.01397761999999,0.1443728655576706,-12.96174631879637,-38.468869822199714
32.28081233,0.22242483496665955,-12.96174631879637,-38.46752234927354
32.311574510000014,0.21141955256462097,-12.96174631879637,-38.4672528546883
35.14682210000001,0.12271911650896072,-12.96174631879637,-38.465096898006415
33.94197005000001,0.21565702557563782,-12.96174631879637,-38.46321043590976
30.019792100000018,0.22634825110435486,-12.96174631879637,-38.45943751171646
28.575678649999986,0.4431435763835907,-12.96174631879637,-38.458629027960754
31.43314337000004,0.3075418174266815,-12.96174631879637,-38.456473071278864
28.199696450000033,0.4686264991760254,-12.96174631879637,-38.45323913625604
32.35429976,0.18473076820373535,-12.961476824211134,-38.46940881137019
32.92340009000003,0.38519635796546936,-12.961476824211134,-38.46779184385877
34.62899206999998,0.10858138650655746,-12.961476824211134,-38.46590538176212
31.643351600000017,0.18623928725719452,-12.961476824211134,-38.456473071278864
30.973419680000006,0.30334144830703735,-12.961476824211134,-38.45620357669363
30.891387200000054,0.4574427306652069,-12.961476824211134,-38.45566458752316
30.573511339999982,0.4585333466529846,-12.961476824211134,-38.45539509293792
27.91258277000003,0.45433053374290466,-12.961476824211134,-38.45323913625604
28.568842610000047,0.43295174837112427,-12.961476824211134,-38.45189166332985
32.08598519000003,0.250821590423584,-12.9612073296259,-38.468869822199714
32.47563947000003,0.31174126267433167,-12.9612073296259,-38.46806133844401
35.43735379999998,0.14438781142234802,-12.9612073296259,-38.46536639259165
34.78793000000002,0.15312708914279938,-12.9612073296259,-38.4642884142507
34.79818406000004,0.13723914325237274,-12.9612073296259,-38.46401891966547
34.17097739000002,0.13358557224273682,-12.9612073296259,-38.46321043590976
34.39998473000003,0.12605798244476318,-12.9612073296259,-38.46159346839835
31.069124240000008,0.4145943522453308,-12.9612073296259,-38.460784984642636
30.28981568000006,0.2781556248664856,-12.9612073296259,-38.45997650088693
29.17725016999998,0.4475708603858948,-12.9612073296259,-38.45943751171646
33.037903760000006,0.10554803907871246,-12.9612073296259,-38.45701206044934
35.16733022000005,0.20831501483917236,-12.960937835040664,-38.46267144673929
35.16733022000005,0.16285736858844757,-12.960937835040664,-38.46213245756882
33.41046793999999,0.20043285191059113,-12.960937835040664,-38.46132397381311
30.447044600000027,0.3038020730018616,-12.960937835040664,-38.460245995472164
29.975357840000015,0.27205511927604675,-12.960937835040664,-38.45997650088693
29.322516020000023,0.4189247190952301,-12.960937835040664,-38.4597070063017
29.143069970000056,0.4477212727069855,-12.960937835040664,-38.45943751171646
30.031755169999997,0.4700918197631836,-12.960937835040664,-38.458359533375514
30.66921590000004,0.42706698179244995,-12.960937835040664,-38.45809003879028
32.50981967000001,0.1587442010641098,-12.960937835040664,-38.45755104961981
32.661921559999996,0.2295336127281189,-12.960937835040664,-38.45701206044934
31.576700210000013,0.3474452793598175,-12.960937835040664,-38.4567425658641
29.944595660000005,0.4683515727519989,-12.960937835040664,-38.45620357669363
28.56029755999998,0.43757712841033936,-12.960937835040664,-38.45485610376745
28.68676430000005,0.4323737621307373,-12.960937835040664,-38.452430652500325
29.16186908000003,0.39675888419151306,-12.960937835040664,-38.45162216874462
33.04986683000004,0.050119660794734955,-12.960668340455427,-38.46806133844401
33.046448810000015,0.21604056656360626,-12.960668340455427,-38.46752234927354
32.631159379999986,0.3044325113296509,-12.960668340455427,-38.466983360103065
33.01055960000002,0.11637406796216965,-12.960668340455427,-38.46617487634735
34.29744413000003,0.08442322164773941,-12.960668340455427,-38.46536639259165
30.752957390000006,0.26672038435935974,-12.960668340455427,-38.460245995472164
31.802289530000053,0.2496505230665207,-12.960668340455427,-38.45755104961981
31.72709309000004,0.3014604151248932,-12.960668340455427,-38.45728155503457
29.168705120000027,0.4689401686191559,-12.960668340455427,-38.45593408210839
28.63891202000002,0.42444273829460144,-12.960668340455427,-38.45485610376745
28.55346152000004,0.3986932933330536,-12.960668340455427,-38.45404762001174
28.604731819999984,0.4362305700778961,-12.960668340455427,-38.45323913625604
32.964416330000006,0.07837885618209839,-12.960398845870191,-38.46779184385877
32.93707217000002,0.2614405155181885,-12.960398845870191,-38.4672528546883
33.00030554,0.20225918292999268,-12.960398845870191,-38.466983360103065
33.051575840000055,0.11530527472496033,-12.960398845870191,-38.466713865517825
33.05328485000001,0.12248098105192184,-12.960398845870191,-38.46644437093259
34.01545748000001,0.13766661286354065,-12.960398845870191,-38.46563588717689
34.635828110000034,0.25374770164489746,-12.960398845870191,-38.463479930495
33.72150776000001,0.37024232745170593,-12.960398845870191,-38.462940941324526
30.226582310000026,0.40066614747047424,-12.960398845870191,-38.4597070063017
30.787137590000043,0.3916109502315521,-12.960398845870191,-38.458629027960754
28.943115799999987,0.4042791426181793,-12.960398845870191,-38.45512559835269
29.53272425,0.3787238299846649,-12.960398845870191,-38.45323913625604
29.951431700000057,0.2080138921737671,-12.960398845870191,-38.452430652500325
34.45125503000003,0.11901524662971497,-12.960129351284955,-38.465096898006415
31.949264390000053,0.409213662147522,-12.960129351284955,-38.46213245756882
31.875776960000053,0.41772276163101196,-12.960129351284955,-38.46186296298358
32.152636580000035,0.23411042988300323,-12.960129351284955,-38.4597070063017
31.202427020000016,0.3502146005630493,-12.960129351284955,-38.45755104961981
34.30428017000003,0.10526592284440994,-12.959859856699719,-38.4642884142507
33.55744279999999,0.27941960096359253,-12.959859856699719,-38.46374942508023
33.35577962000002,0.29273179173469543,-12.959859856699719,-38.463479930495
31.03152602,0.47776925563812256,-12.959859856699719,-38.46159346839835
33.22076783,0.08746718615293503,-12.959859856699719,-38.45943751171646
32.57647106000002,0.19619113206863403,-12.959859856699719,-38.45809003879028
30.40090133000001,0.4710187017917633,-12.959859856699719,-38.4567425658641
30.60256450999998,0.31676340103149414,-12.959859856699719,-38.45620357669363
29.60279366000003,0.4375995695590973,-12.959859856699719,-38.45485610376745
30.086443490000022,0.3360185921192169,-12.959859856699719,-38.45404762001174
33.615549139999985,0.13148407638072968,-12.959590362114485,-38.46644437093259
33.15240743000004,0.09436038881540298,-12.959590362114485,-38.46536639259165
34.32649730000003,0.1038842499256134,-12.959590362114485,-38.46455790883594
33.72321677000002,0.24943135678768158,-12.959590362114485,-38.46374942508023
31.210972070000025,0.47796279191970825,-12.959590362114485,-38.46267144673929
30.43679054000006,0.4806109368801117,-12.959590362114485,-38.46213245756882
34.610192960000006,0.08267193287611008,-12.959590362114485,-38.4597070063017
33.73517984,0.10885149985551834,-12.959590362114485,-38.45889852254599
32.183398760000046,0.19154514372348785,-12.959590362114485,-38.458359533375514
31.272496430000047,0.2886067032814026,-12.959590362114485,-38.456473071278864
31.27762346000003,0.3133779764175415,-12.959590362114485,-38.45566458752316
30.380393210000022,0.36571335792541504,-12.959590362114485,-38.45485610376745
30.732449270000018,0.29846903681755066,-12.959590362114485,-38.454317114596975
31.108431470000028,0.23963454365730286,-12.959320867529248,-38.46159346839835
32.26201322000003,0.43635380268096924,-12.959320867529248,-38.461054479227876
34.04792867000003,0.11138950288295746,-12.959320867529248,-38.45889852254599
30.527368070000023,0.4426550269126892,-12.959320867529248,-38.45782054420504
31.810834580000005,0.2957666218280792,-12.959320867529248,-38.4567425658641
33.25494803000004,0.139585942029953,-12.959320867529248,-38.45593408210839
32.40215204000003,0.25153928995132446,-12.959320867529248,-38.45539509293792
32.56621700000005,0.3637996017932892,-12.959051372944012,-38.46536639259165
31.87406795000004,0.331205278635025,-12.959051372944012,-38.462940941324526
31.045198099999993,0.3140811324119568,-12.959051372944012,-38.46186296298358
31.245152270000006,0.40885451436042786,-12.959051372944012,-38.46159346839835
35.37582944000002,0.29991623759269714,-12.959051372944012,-38.460515490057404
34.782802970000034,0.19599194824695587,-12.959051372944012,-38.45943751171646
32.25005014999999,0.3039959669113159,-12.959051372944012,-38.458629027960754
33.91633490000004,0.12750370800495148,-12.959051372944012,-38.45620357669363
32.039841920000015,0.28532153367996216,-12.958781878358776,-38.46536639259165
31.732220120000022,0.4268444776535034,-12.958781878358776,-38.46213245756882
34.013748469999996,0.11732009798288345,-12.958781878358776,-38.459168017131226
31.434852380000052,0.4429774284362793,-12.958781878358776,-38.45782054420504
32.50811066000006,0.20948338508605957,-12.958781878358776,-38.45728155503457
34.22395670000003,0.13238167762756348,-12.958781878358776,-38.456473071278864
35.408300629999985,0.10729837417602539,-12.958781878358776,-38.45566458752316
30.61281857000006,0.4601747691631317,-12.95851238377354,-38.46267144673929
32.63457740000001,0.2943149209022522,-12.95851238377354,-38.46159346839835
33.17633357,0.2024102658033371,-12.95851238377354,-38.461054479227876
34.21028462000004,0.25592297315597534,-12.95851238377354,-38.460784984642636
32.14921856000001,0.23840634524822235,-12.95851238377354,-38.45889852254599
31.22635316000003,0.4499143660068512,-12.95851238377354,-38.45809003879028
34.90414268000001,0.10254581272602081,-12.95851238377354,-38.456473071278864
34.92635981000001,0.10402417182922363,-12.95851238377354,-38.45620357669363
36.03721631000002,0.11378244310617447,-12.95851238377354,-38.45593408210839
30.597437480000053,0.4331536591053009,-12.958242889188305,-38.46213245756882
32.31499253000004,0.22697551548480988,-12.958242889188305,-38.46159346839835
32.90630999000001,0.1938423067331314,-12.958242889188305,-38.46132397381311
33.70612667,0.25811347365379333,-12.958242889188305,-38.460784984642636
33.88557272000003,0.2789132595062256,-12.958242889188305,-38.460515490057404
31.658732690000022,0.44009849429130554,-12.958242889188305,-38.45809003879028
32.76617117000001,0.29385462403297424,-12.958242889188305,-38.45782054420504
33.70441765999999,0.42049503326416016,-12.95797339460307,-38.460515490057404
32.930236130000026,0.46062353253364563,-12.957703900017833,-38.460245995472164
